CREATE DATABASE  IF NOT EXISTS `casestudy` /*!40100 DEFAULT CHARACTER SET utf8mb4 COLLATE utf8mb4_0900_ai_ci */ /*!80016 DEFAULT ENCRYPTION='N' */;
USE `casestudy`;
-- MySQL dump 10.13  Distrib 8.0.16, for Win64 (x86_64)
--
-- Host: 127.0.0.1    Database: casestudy
-- ------------------------------------------------------
-- Server version	8.0.16

/*!40101 SET @OLD_CHARACTER_SET_CLIENT=@@CHARACTER_SET_CLIENT */;
/*!40101 SET @OLD_CHARACTER_SET_RESULTS=@@CHARACTER_SET_RESULTS */;
/*!40101 SET @OLD_COLLATION_CONNECTION=@@COLLATION_CONNECTION */;
 SET NAMES utf8 ;
/*!40103 SET @OLD_TIME_ZONE=@@TIME_ZONE */;
/*!40103 SET TIME_ZONE='+00:00' */;
/*!40014 SET @OLD_UNIQUE_CHECKS=@@UNIQUE_CHECKS, UNIQUE_CHECKS=0 */;
/*!40014 SET @OLD_FOREIGN_KEY_CHECKS=@@FOREIGN_KEY_CHECKS, FOREIGN_KEY_CHECKS=0 */;
/*!40101 SET @OLD_SQL_MODE=@@SQL_MODE, SQL_MODE='NO_AUTO_VALUE_ON_ZERO' */;
/*!40111 SET @OLD_SQL_NOTES=@@SQL_NOTES, SQL_NOTES=0 */;

--
-- Table structure for table `hibernate_sequence`
--

DROP TABLE IF EXISTS `hibernate_sequence`;
/*!40101 SET @saved_cs_client     = @@character_set_client */;
 SET character_set_client = utf8mb4 ;
CREATE TABLE `hibernate_sequence` (
  `next_val` bigint(20) DEFAULT NULL
) ENGINE=InnoDB DEFAULT CHARSET=utf8mb4 COLLATE=utf8mb4_0900_ai_ci;
/*!40101 SET character_set_client = @saved_cs_client */;

--
-- Dumping data for table `hibernate_sequence`
--

LOCK TABLES `hibernate_sequence` WRITE;
/*!40000 ALTER TABLE `hibernate_sequence` DISABLE KEYS */;
INSERT INTO `hibernate_sequence` VALUES (6),(6),(6),(6);
/*!40000 ALTER TABLE `hibernate_sequence` ENABLE KEYS */;
UNLOCK TABLES;

--
-- Table structure for table `scholarship`
--

DROP TABLE IF EXISTS `scholarship`;
/*!40101 SET @saved_cs_client     = @@character_set_client */;
 SET character_set_client = utf8mb4 ;
CREATE TABLE `scholarship` (
  `id` bigint(20) NOT NULL,
  `detail` varchar(255) DEFAULT NULL,
  `name` varchar(255) DEFAULT NULL,
  `size` decimal(19,2) DEFAULT NULL,
  `type` varchar(255) DEFAULT NULL,
  PRIMARY KEY (`id`)
) ENGINE=InnoDB DEFAULT CHARSET=utf8mb4 COLLATE=utf8mb4_0900_ai_ci;
/*!40101 SET character_set_client = @saved_cs_client */;

--
-- Dumping data for table `scholarship`
--

LOCK TABLES `scholarship` WRITE;
/*!40000 ALTER TABLE `scholarship` DISABLE KEYS */;
INSERT INTO `scholarship` VALUES (1,'Up to $25,000 annually for 4 years','Judy and Eliot Steinberg Scholarship',100000.00,'ENDOWED'),(2,'Tuition for 4 years','Carl George and Shirley L. Eklund Scholarship',100000.00,'ENDOWED'),(3,'$5,000 annually for 4 years','Wong Family Scholarship',20000.00,'ENDOWED'),(4,'$3,000 annually for 4 years','George and Michele Becker Scholarship',12000.00,'PASS_THRU'),(5,'$4,000 annually for 2 years','Stephen B. Wiley Scholarship',8000.00,'ENDOWED'),(6,'$1,000 per year for 3 years and $2,000 for the 4th year','Capt. Brian J. McNally USMC Scholarship',5000.00,'ENDOWED'),(7,'','Javier Avelar Scholarship',1500.00,'ENDOWED'),(8,'','John T. Cunningham Scholarship',1500.00,'ENDOWED'),(9,'','James B. Galbraith, Jr. Scholarship',1500.00,'PASS_THRU'),(10,'','AT&T Pioneers Scholarship',1000.00,'PASS_THRU'),(11,'','Mary Bentzlin Scholarship',1000.00,NULL),(12,'','Morristown Animal Hospital Animal Welfare Scholarship',1000.00,NULL),(13,'edited ','Shirley Shalit Scholarship',1000.00,'ENDOWED');
/*!40000 ALTER TABLE `scholarship` ENABLE KEYS */;
UNLOCK TABLES;

--
-- Table structure for table `transaction`
--

DROP TABLE IF EXISTS `transaction`;
/*!40101 SET @saved_cs_client     = @@character_set_client */;
 SET character_set_client = utf8mb4 ;
CREATE TABLE `transaction` (
  `id` bigint(20) NOT NULL,
  `amount` decimal(19,2) DEFAULT NULL,
  `balance` decimal(19,2) DEFAULT NULL,
  `date` datetime DEFAULT NULL,
  `detail` varchar(255) DEFAULT NULL,
  `toOrFrom` varchar(255) DEFAULT NULL,
  `type` varchar(255) DEFAULT NULL,
  `scholarship_id` bigint(20) DEFAULT NULL,
  PRIMARY KEY (`id`),
  KEY `FKfiopst54535m8rs1dn6dogvwf` (`scholarship_id`),
  CONSTRAINT `FKfiopst54535m8rs1dn6dogvwf` FOREIGN KEY (`scholarship_id`) REFERENCES `scholarship` (`id`)
) ENGINE=InnoDB DEFAULT CHARSET=utf8mb4 COLLATE=utf8mb4_0900_ai_ci;
/*!40101 SET character_set_client = @saved_cs_client */;

--
-- Dumping data for table `transaction`
--

LOCK TABLES `transaction` WRITE;
/*!40000 ALTER TABLE `transaction` DISABLE KEYS */;
INSERT INTO `transaction` VALUES (1,6400.99,170162.00,'2013-09-03 03:10:59','sapien iaculis congue','Banky Andre','DEPOSIT',7),(2,1924.21,395416.00,'2016-02-17 02:59:00','eget orci vehicula condimentum curabitur in','Xena Elfes','PAYMENT',3),(3,9307.89,480485.00,'2015-11-10 03:58:31','sem fusce consequat nulla nisl nunc','Cody Mahaffey','DEPOSIT',6),(4,5718.10,334488.00,'2011-04-19 00:37:43','curabitur at ipsum ac tellus semper interdum','Bibi Fitch','DEPOSIT',3),(5,6148.94,138055.00,'2016-11-13 12:55:53','magnis dis parturient montes nascetur ridiculus mus vivamus','Sandro Corteis','DEPOSIT',5),(6,5947.60,134647.00,'2019-05-03 00:36:02','curabitur in libero ut massa volutpat','Hervey Swenson','PAYMENT',6),(7,1630.28,360112.00,'2013-06-30 21:21:56','quam sollicitudin vitae consectetuer','Virgie Klaes','DEPOSIT',1),(8,3398.73,288879.00,'2012-07-31 20:07:11','elementum nullam varius nulla facilisi cras','Alis Soame','PAYMENT',6),(9,4934.19,111848.00,'2014-01-06 22:18:24','in lectus pellentesque at nulla suspendisse potenti cras in purus','Winnie Jakaway','DEPOSIT',6),(10,2475.19,123452.00,'2017-06-23 05:16:49','interdum eu tincidunt in leo maecenas pulvinar','Murray Portingale','DEPOSIT',7),(11,8844.93,194920.00,'2017-06-13 07:48:57','ligula vehicula consequat morbi a ipsum integer','Jillian Sickamore','DEPOSIT',2),(12,7456.99,208923.00,'2010-09-30 02:50:06','erat volutpat in congue etiam justo etiam pretium','Napoleon MacAvaddy','PAYMENT',6),(13,2297.45,104829.00,'2011-08-15 16:46:29','diam erat fermentum justo nec condimentum neque sapien','Rafa Yurkevich','DEPOSIT',5),(14,2724.32,369550.00,'2016-11-17 07:30:08','volutpat sapien arcu','Lawton Bartosik','PAYMENT',5),(15,8663.04,43897.00,'2010-10-03 18:51:24','adipiscing lorem vitae mattis nibh ligula nec sem','Leo Farens','PAYMENT',3),(16,8158.06,373871.00,'2016-02-17 21:26:34','sit amet consectetuer adipiscing elit proin interdum mauris non','Emmott Kopp','DEPOSIT',2),(17,4120.20,325835.00,'2016-09-27 09:23:37','felis ut at dolor quis odio consequat varius integer','Auberta Glendza','DEPOSIT',3),(18,5302.88,398113.00,'2013-12-08 06:52:58','dolor morbi vel lectus in','Jodi Kerfut','DEPOSIT',2),(19,1905.67,81155.00,'2010-03-03 11:09:46','non quam nec dui luctus rutrum nulla tellus','Bartie Maddock','DEPOSIT',6),(20,2881.13,24307.00,'2011-05-29 11:33:58','leo maecenas pulvinar lobortis est','Herc Strafen','DEPOSIT',5),(21,3186.98,74861.00,'2019-03-27 02:24:35','magna vestibulum aliquet ultrices erat tortor sollicitudin mi sit amet','Carney Coultish','PAYMENT',7),(22,9321.48,402532.00,'2014-09-01 08:30:51','velit eu est','Deck Chicco','DEPOSIT',5),(23,6406.15,366463.00,'2012-04-27 02:04:17','elit proin risus praesent lectus vestibulum quam','Ethelda Satyford','PAYMENT',1),(24,2702.68,34430.00,'2018-01-05 05:31:25','egestas metus aenean fermentum donec ut mauris eget','Kori Sydall','PAYMENT',6),(25,1205.33,462174.00,'2013-04-07 06:52:36','eleifend quam a odio in hac habitasse platea','Theresa Paddingdon','PAYMENT',7),(26,2920.13,369051.00,'2010-12-13 23:00:47','libero ut massa volutpat convallis morbi odio odio elementum eu','Julianna Cordsen','DEPOSIT',1),(27,3403.36,167979.00,'2016-03-13 14:34:36','nulla ultrices aliquet maecenas leo odio condimentum id','Gwenny Kain','PAYMENT',2),(28,7627.98,390804.00,'2013-07-13 10:48:57','at ipsum ac','Melinde Sneezem','PAYMENT',8),(29,2991.99,131834.00,'2016-10-21 00:50:33','mattis egestas metus aenean fermentum donec ut mauris eget','Jacintha Roscamps','PAYMENT',8),(30,1507.89,28670.00,'2008-08-15 03:39:02','metus sapien ut nunc vestibulum ante ipsum primis','Davin Egleton','PAYMENT',6),(31,223.03,190121.00,'2010-07-01 18:39:38','quam sollicitudin vitae consectetuer eget rutrum at lorem integer','Willem Beneix','DEPOSIT',7),(32,4523.71,290174.00,'2015-02-18 08:07:27','tortor id nulla ultrices aliquet maecenas','Codi Gerbl','PAYMENT',8),(33,2204.25,485809.00,'2018-03-05 10:59:28','quis lectus suspendisse potenti in eleifend quam a odio in','Odessa Milbourne','PAYMENT',2),(34,8493.43,498114.00,'2009-05-27 00:55:11','eu magna vulputate luctus cum sociis natoque','Inglebert Aucock','PAYMENT',7),(35,9083.86,206451.00,'2018-11-03 16:39:17','sapien cum sociis natoque penatibus et magnis dis parturient','Dunn Vodden','PAYMENT',6),(36,5138.01,179106.00,'2015-03-25 13:01:17','ipsum ac tellus semper interdum mauris ullamcorper','Kerry Folling','PAYMENT',6),(37,3588.57,18163.00,'2012-10-16 08:32:05','dolor morbi vel','Mill Mishow','PAYMENT',1),(38,3262.06,91253.00,'2015-12-14 07:35:27','eleifend donec ut dolor morbi','Doralia Oswick','PAYMENT',8),(39,7033.94,78342.00,'2017-02-13 12:15:53','ut suscipit a','Reggie Schrei','PAYMENT',8),(40,4634.68,193963.00,'2014-10-12 12:29:53','blandit mi in porttitor pede justo eu massa','Emmet Petrashkov','DEPOSIT',1),(41,2055.98,128081.00,'2014-04-18 05:13:32','nulla sed vel enim sit amet nunc viverra','Laurene Bankhurst','DEPOSIT',6),(42,1528.24,85201.00,'2017-06-15 21:16:36','pellentesque viverra pede ac diam cras pellentesque volutpat','Emmeline Winsper','PAYMENT',1),(43,5955.88,246672.00,'2013-11-01 16:13:40','est et tempus semper','Hector Allardyce','DEPOSIT',6),(44,8635.45,23356.00,'2008-07-14 16:25:29','sociis natoque penatibus et magnis dis parturient montes nascetur','Romona Warlawe','DEPOSIT',2),(45,5680.33,293725.00,'2016-08-01 10:03:53','morbi odio odio elementum eu interdum','Shel Caillou','DEPOSIT',2),(46,582.68,162437.00,'2016-12-22 05:35:07','cum sociis natoque penatibus et magnis dis','Liuka Dunkerley','PAYMENT',1),(47,1345.72,181763.00,'2013-11-12 06:16:41','blandit ultrices enim lorem ipsum dolor sit','Sydelle Garter','PAYMENT',8),(48,6603.02,90513.00,'2015-08-21 20:21:15','posuere felis sed lacus morbi sem mauris laoreet','Ferdinand Schollick','PAYMENT',5),(49,3047.08,482361.00,'2008-09-09 09:58:36','a pede posuere nonummy','Bernardina Scullin','DEPOSIT',3),(50,6535.69,392522.00,'2008-08-03 06:35:34','in libero ut massa volutpat convallis morbi','Leonid Guihen','DEPOSIT',6),(51,7958.25,124597.00,'2009-08-08 19:26:43','eros viverra eget congue eget semper rutrum nulla nunc','Meade Battabee','PAYMENT',3),(52,395.46,422837.00,'2015-02-08 07:24:12','habitasse platea dictumst aliquam augue quam sollicitudin','Babb Nolleau','DEPOSIT',8),(53,7530.26,163811.00,'2008-05-28 09:31:40','accumsan tellus nisi eu orci mauris lacinia sapien quis','Jacobo Mushet','DEPOSIT',7),(54,258.04,77561.00,'2012-11-22 02:00:09','sapien urna pretium nisl','Olav Cottell','PAYMENT',6),(55,6735.14,471510.00,'2010-12-07 12:02:06','et magnis dis','Claudius Lindmark','DEPOSIT',1),(56,6425.05,381892.00,'2015-12-04 10:27:08','dignissim vestibulum vestibulum ante ipsum primis in faucibus orci luctus','Dniren Citrine','PAYMENT',1),(57,8558.65,287504.00,'2016-07-16 17:02:13','massa volutpat convallis morbi odio odio elementum','Gustavo Windows','PAYMENT',3),(58,1435.66,133918.00,'2017-01-16 14:11:00','lorem quisque ut erat curabitur','Cletus Yole','PAYMENT',5),(59,3262.72,298837.00,'2011-09-15 18:09:36','in lectus pellentesque at nulla suspendisse potenti cras','Carin Lock','PAYMENT',5),(60,8356.06,482353.00,'2009-06-30 14:43:03','accumsan felis ut at dolor quis odio','Broddie Cadany','DEPOSIT',7),(61,5042.84,35496.00,'2012-10-30 09:07:08','cras pellentesque volutpat dui maecenas tristique','Evvie Bernini','PAYMENT',3),(62,6204.64,339748.00,'2017-05-05 23:15:36','id pretium iaculis diam erat','Orly Millmore','PAYMENT',8),(63,6088.87,201484.00,'2010-07-18 20:59:42','eleifend pede libero quis orci nullam','Guillemette Sancraft','PAYMENT',2),(64,8474.97,11663.00,'2010-10-29 18:55:47','ultrices aliquet maecenas leo','Roanne Barz','PAYMENT',5),(65,4651.99,469962.00,'2013-02-22 09:02:43','eget elit sodales scelerisque mauris sit amet','Ker Hutchin','DEPOSIT',6),(66,8368.68,228596.00,'2018-08-07 08:05:02','eleifend pede libero quis orci nullam molestie nibh','Sharona Blamire','DEPOSIT',8),(67,2117.25,30433.00,'2012-06-19 15:36:19','sed tristique in tempus sit','Bartram Kenway','PAYMENT',8),(68,7451.94,301310.00,'2018-02-09 19:45:34','est donec odio justo sollicitudin ut suscipit a','Liana Rosenthal','DEPOSIT',7),(69,778.10,178916.00,'2011-11-07 10:09:33','nulla quisque arcu libero','Park Berrick','DEPOSIT',3),(70,3626.12,119358.00,'2012-05-12 07:36:11','eget orci vehicula condimentum curabitur in libero ut massa','Merola Stollard','DEPOSIT',3),(71,4440.98,411741.00,'2009-07-05 12:36:51','quis turpis eget elit sodales scelerisque mauris sit amet','Perren Rodmell','PAYMENT',3),(72,6315.72,300609.00,'2009-09-15 05:12:05','molestie nibh in lectus pellentesque at nulla suspendisse potenti cras','Baryram Waszczykowski','PAYMENT',6),(73,6389.75,38537.00,'2016-06-23 05:41:48','semper porta volutpat','Agosto Branchet','PAYMENT',1),(74,1440.97,162365.00,'2019-04-17 14:58:35','massa donec dapibus duis at velit eu est','Conny Mardy','DEPOSIT',6),(75,5832.95,391246.00,'2015-05-19 03:49:20','vestibulum quam sapien varius ut blandit non interdum','Galvan O\'Conor','DEPOSIT',5),(76,8909.48,285689.00,'2017-02-23 09:31:23','praesent lectus vestibulum quam sapien varius ut','Dorthea Conachy','PAYMENT',5),(77,5715.48,438273.00,'2011-07-19 08:42:28','nullam porttitor lacus at turpis donec','Wake Lathey','DEPOSIT',8),(78,6274.52,358997.00,'2011-11-21 21:05:30','sagittis sapien cum sociis natoque penatibus et','Fanchon Yeend','PAYMENT',2),(79,8580.23,425455.00,'2016-12-04 18:15:34','ut mauris eget massa tempor convallis nulla','Bret Martinetto','DEPOSIT',3),(80,772.26,157198.00,'2012-12-21 05:27:06','pede ac diam cras pellentesque volutpat dui maecenas tristique','Amelina Berryann','PAYMENT',5),(81,2811.04,243353.00,'2017-04-26 00:10:01','congue etiam justo etiam pretium iaculis justo in hac habitasse','Rudolf Maureen','PAYMENT',6),(82,4754.67,408211.00,'2017-04-01 09:08:57','massa volutpat convallis morbi odio odio elementum','Karlens Trustey','PAYMENT',5),(83,8302.28,276293.00,'2010-05-25 18:24:30','pede justo lacinia eget tincidunt eget tempus vel pede morbi','Tabb Casale','DEPOSIT',1),(84,4209.82,441703.00,'2012-03-27 09:31:00','in hac habitasse platea dictumst','Neron Delgaty','DEPOSIT',5),(85,2024.78,373381.00,'2014-04-08 22:26:33','posuere cubilia curae nulla dapibus dolor vel est donec','Clair Huertas','PAYMENT',8),(86,7941.97,35646.00,'2013-02-26 17:53:03','donec dapibus duis at','Nerti Brikner','PAYMENT',6),(87,2785.02,349214.00,'2010-03-17 05:34:12','lectus in quam','Madelyn Methuen','DEPOSIT',5),(88,9913.20,408317.00,'2012-09-03 09:31:42','maecenas tristique est et tempus','Olva Farrear','DEPOSIT',5),(89,8643.26,95491.00,'2014-08-15 12:52:23','quis turpis eget elit sodales scelerisque','Gothart Petracco','DEPOSIT',2),(90,7145.53,61013.00,'2011-03-10 23:22:17','vestibulum ante ipsum primis in faucibus orci luctus et','Cris Kollasch','DEPOSIT',1),(91,6355.72,121720.00,'2008-06-04 19:27:34','in faucibus orci luctus et ultrices','Aland Dauney','DEPOSIT',5),(92,2356.13,242103.00,'2011-02-22 21:13:07','vitae mattis nibh ligula nec sem duis aliquam convallis','Erin Ching','PAYMENT',3),(93,2257.13,297017.00,'2012-11-10 20:27:58','nunc purus phasellus in felis donec','Ira Menguy','DEPOSIT',8),(94,5673.03,206313.00,'2010-12-27 19:51:40','in hac habitasse platea dictumst','Teddi Bone','DEPOSIT',1),(95,1542.02,82661.00,'2008-10-12 09:24:44','id sapien in sapien iaculis congue vivamus metus arcu adipiscing','Lowe Bisseker','DEPOSIT',1),(96,4977.01,313194.00,'2018-08-07 22:35:46','non ligula pellentesque ultrices phasellus id sapien in','Jerome Harwin','PAYMENT',1),(97,4545.93,455349.00,'2011-02-24 15:11:54','morbi non lectus aliquam sit amet diam','Gipsy Swains','PAYMENT',5),(98,494.44,24776.00,'2013-08-30 13:32:58','lobortis ligula sit amet eleifend pede libero quis orci nullam','Marijo Mcettrick','DEPOSIT',3),(99,2639.90,237584.00,'2015-03-12 01:38:11','mauris non ligula','Xylina Anyene','PAYMENT',6),(100,1501.31,253831.00,'2018-09-02 05:59:12','et magnis dis parturient montes nascetur ridiculus mus vivamus vestibulum','Seth Swindin','DEPOSIT',3),(101,244.52,461781.00,'2008-08-28 05:42:46','posuere cubilia curae donec pharetra magna','Ahmad Loweth','PAYMENT',8),(102,1321.60,229358.00,'2018-11-04 05:02:27','aenean fermentum donec ut mauris eget massa tempor convallis','Clayborne Pepin','DEPOSIT',8),(103,202.93,100792.00,'2014-11-02 23:03:22','at feugiat non pretium quis lectus suspendisse potenti','Howard Manoelli','DEPOSIT',1),(104,9151.31,30382.00,'2017-06-23 11:09:28','nisl aenean lectus pellentesque eget nunc','Mel Overill','DEPOSIT',8),(105,5231.65,256415.00,'2012-12-06 21:01:26','primis in faucibus orci luctus et','Gabbie Thomazin','PAYMENT',1),(106,7789.70,263259.00,'2017-07-22 13:44:42','nisl nunc rhoncus dui vel','Mic Billington','PAYMENT',1),(107,4675.37,432962.00,'2013-03-09 06:36:23','montes nascetur ridiculus mus vivamus vestibulum sagittis sapien cum sociis','Fairleigh Windaybank','PAYMENT',3),(108,9919.67,484747.00,'2016-09-26 03:05:40','porttitor id consequat in consequat ut nulla sed accumsan felis','Wright Worrell','DEPOSIT',6),(109,8732.68,496726.00,'2016-05-24 11:28:09','lectus suspendisse potenti in eleifend quam a odio in','Carmelita Ingleby','DEPOSIT',5),(110,1884.61,234993.00,'2017-11-05 06:03:30','elementum pellentesque quisque','Tris McIndoe','PAYMENT',3),(111,6401.81,355646.00,'2013-03-26 11:56:40','felis ut at dolor quis odio consequat varius','Culley Bulfoy','DEPOSIT',1),(112,4147.33,362017.00,'2012-11-04 08:18:31','nam congue risus semper','Morlee Nuzzi','DEPOSIT',7),(113,3842.12,87163.00,'2017-03-19 18:31:49','sapien ut nunc','Brina Truse','DEPOSIT',5),(114,9874.97,300444.00,'2018-06-29 07:09:49','nulla dapibus dolor vel est donec odio justo','Roi Beeswing','DEPOSIT',1),(115,8031.35,397326.00,'2010-06-24 18:56:18','faucibus cursus urna ut tellus nulla ut','Carly Rainy','PAYMENT',8),(116,8076.69,181318.00,'2014-07-07 22:34:39','augue luctus tincidunt nulla','Weston Bulluck','DEPOSIT',1),(117,4920.08,439516.00,'2009-02-24 13:39:12','quam fringilla rhoncus mauris','Freddie Rekes','PAYMENT',7),(118,1568.47,345500.00,'2012-02-21 20:45:43','lacus purus aliquet at feugiat non pretium quis lectus suspendisse','Blair Mattocks','DEPOSIT',5),(119,7803.11,461434.00,'2015-10-08 15:07:37','metus sapien ut nunc vestibulum ante','Samaria Gillion','PAYMENT',5),(120,1811.10,355878.00,'2011-07-02 00:10:07','maecenas rhoncus aliquam lacus morbi quis tortor id','Annamarie Stennett','PAYMENT',6),(121,6968.68,355578.00,'2019-03-03 12:30:45','id lobortis convallis tortor','Shurlocke Aslam','DEPOSIT',1),(122,2711.55,478431.00,'2018-04-17 06:28:50','in congue etiam justo','Umberto Buckler','PAYMENT',5),(123,2512.93,365722.00,'2016-10-25 09:51:59','vestibulum eget vulputate ut ultrices vel','Jervis Lamblot','DEPOSIT',6),(124,7042.13,166343.00,'2012-04-23 23:25:03','ridiculus mus etiam vel augue vestibulum','Lacie Carnock','DEPOSIT',7),(125,6893.52,373083.00,'2014-01-14 03:16:49','justo eu massa donec dapibus','Quintus Reith','DEPOSIT',5),(126,5511.94,30037.00,'2019-05-02 11:50:16','faucibus orci luctus et ultrices posuere cubilia','Pammy Goaley','DEPOSIT',2),(127,3452.87,423147.00,'2016-03-05 09:09:17','in hac habitasse platea dictumst','Faye Burthom','PAYMENT',1),(128,9929.57,61895.00,'2009-03-26 21:05:29','nunc vestibulum ante ipsum primis in faucibus','Orville Blacksland','PAYMENT',7),(129,1026.44,305824.00,'2011-05-03 05:14:49','congue diam id','Ellsworth Hoffner','DEPOSIT',3),(130,9146.64,219048.00,'2010-08-02 10:10:36','molestie hendrerit at','Prince Spracklin','DEPOSIT',8),(131,3629.74,489520.00,'2008-12-05 14:53:50','ac est lacinia nisi','Brittan Huett','DEPOSIT',6),(132,1258.85,440997.00,'2012-02-16 07:35:07','vitae ipsum aliquam non','Eydie Elsop','PAYMENT',5),(133,3759.94,464792.00,'2015-07-13 04:57:17','eros viverra eget congue eget semper rutrum nulla nunc','Glori Sline','DEPOSIT',1),(134,9669.79,497847.00,'2012-02-21 01:33:13','magna vulputate luctus cum sociis natoque penatibus et magnis dis','Lay Frill','PAYMENT',8),(135,1701.32,421298.00,'2017-04-27 10:36:20','rutrum nulla tellus in sagittis dui vel','Deb Coulbeck','PAYMENT',8),(136,919.94,304899.00,'2009-08-09 21:05:02','sem fusce consequat nulla','Franky Ewer','PAYMENT',7),(137,1185.76,135486.00,'2019-01-25 13:53:41','sodales sed tincidunt eu felis fusce posuere felis sed lacus','Marlin McCoughan','DEPOSIT',7),(138,3769.81,221014.00,'2009-02-20 00:15:22','non quam nec','Batsheva Harburtson','PAYMENT',5),(139,7582.28,189101.00,'2018-02-27 05:03:39','sed magna at','Helena Jacques','DEPOSIT',6),(140,3022.69,263728.00,'2011-12-11 12:09:48','condimentum neque sapien placerat ante nulla justo aliquam','Kayne Dreossi','DEPOSIT',2),(141,3825.47,10948.00,'2011-11-05 01:15:33','ullamcorper purus sit amet nulla quisque arcu libero','Virgie Collingworth','PAYMENT',3),(142,3960.53,66467.00,'2017-08-11 03:53:00','tortor quis turpis sed','Bee Mickleborough','DEPOSIT',5),(143,5219.26,37487.00,'2011-09-28 08:13:06','pharetra magna vestibulum aliquet ultrices erat tortor','Corny Bellis','PAYMENT',7),(144,8309.06,235088.00,'2008-07-21 06:24:43','in est risus auctor sed tristique in tempus sit amet','Ring Mitchel','DEPOSIT',3),(145,3276.22,462240.00,'2017-08-17 04:59:26','non lectus aliquam sit','Alair Scopes','PAYMENT',7),(146,2418.31,361690.00,'2013-11-28 19:37:15','tortor id nulla ultrices aliquet maecenas leo odio','Ashlin Lakin','PAYMENT',2),(147,4212.51,201189.00,'2011-08-15 06:21:39','ac tellus semper interdum mauris ullamcorper purus sit amet nulla','Carla Cleary','PAYMENT',1),(148,5536.32,51062.00,'2018-04-20 08:19:45','porta volutpat quam pede lobortis','Merralee Berkelay','DEPOSIT',2),(149,3840.25,359822.00,'2013-02-28 18:28:27','amet cursus id turpis integer aliquet massa id lobortis convallis','Maria Prendergrass','PAYMENT',2),(150,2733.29,312261.00,'2014-08-31 00:33:02','dui nec nisi volutpat eleifend donec ut dolor morbi','Pam Crowne','PAYMENT',8),(151,5140.65,202504.00,'2013-09-12 23:38:32','dapibus at diam nam tristique','Cozmo Joysey','DEPOSIT',3),(152,6562.10,280415.00,'2009-11-28 14:33:55','aliquam non mauris morbi non lectus aliquam sit amet diam','Marina Yeomans','DEPOSIT',7),(153,9431.18,96149.00,'2018-02-18 10:39:16','fusce congue diam id ornare imperdiet','Silvana Terry','PAYMENT',7),(154,8545.28,301776.00,'2018-10-21 14:15:27','arcu sed augue aliquam erat volutpat in congue','Carlos Truggian','DEPOSIT',5),(155,4681.63,481436.00,'2016-09-15 13:49:47','maecenas tristique est et tempus semper est quam pharetra','Brendis Dealtry','DEPOSIT',6),(156,7785.68,179094.00,'2015-01-21 09:03:55','fusce consequat nulla','Dorry Artis','PAYMENT',7),(157,8425.62,400208.00,'2016-08-26 20:21:14','id ligula suspendisse ornare consequat lectus in est risus','Lombard De Biasio','DEPOSIT',5),(158,7220.10,481080.00,'2017-08-17 03:23:04','dictumst etiam faucibus cursus urna','Arleta Bratton','DEPOSIT',1),(159,660.67,99202.00,'2014-08-10 22:02:59','leo odio condimentum','Valera Neilly','PAYMENT',2),(160,9034.38,86477.00,'2013-07-13 06:46:45','natoque penatibus et magnis','Jonathon Hesse','DEPOSIT',3),(161,8806.65,368679.00,'2012-11-17 06:55:08','ac neque duis bibendum morbi non','Laura Vigneron','DEPOSIT',6),(162,3490.33,263136.00,'2009-06-24 09:15:11','blandit non interdum in ante vestibulum','Tuck Village','DEPOSIT',2),(163,8099.27,254674.00,'2016-06-06 01:44:59','scelerisque mauris sit amet eros suspendisse','Marc Housbie','DEPOSIT',3),(164,5743.69,37701.00,'2010-03-04 14:41:38','ac nibh fusce lacus purus aliquet at feugiat non','Alexi Canadine','DEPOSIT',3),(165,9132.42,194628.00,'2008-07-09 16:18:10','nec condimentum neque sapien placerat','Joey Agass','DEPOSIT',8),(166,3954.46,290522.00,'2010-07-27 06:58:15','iaculis diam erat fermentum justo nec condimentum neque sapien placerat','Nonie Younghusband','DEPOSIT',6),(167,4097.09,300858.00,'2009-11-07 07:06:43','nisi at nibh in hac habitasse platea dictumst aliquam augue','Jeromy Girardet','PAYMENT',1),(168,4384.71,208842.00,'2015-09-28 23:29:55','risus dapibus augue vel accumsan tellus nisi','Frasquito Porcas','DEPOSIT',5),(169,8466.64,217869.00,'2008-07-03 22:51:23','nulla elit ac nulla sed','Velma McKeevers','DEPOSIT',8),(170,2657.66,254093.00,'2013-03-03 23:28:13','pede ac diam cras pellentesque volutpat dui maecenas tristique','Lois Feronet','DEPOSIT',2),(171,4037.19,304533.00,'2018-10-18 02:24:45','non lectus aliquam sit amet diam in','Carver Pendered','PAYMENT',7),(172,507.23,300140.00,'2019-01-09 11:14:24','justo aliquam quis turpis','Marc Fernie','PAYMENT',5),(173,126.53,123116.00,'2013-01-08 21:44:32','non lectus aliquam sit amet diam in','Corbin Guiducci','PAYMENT',5),(174,7867.26,437744.00,'2016-10-15 11:26:29','ultrices phasellus id sapien in sapien','Matilda Lyttle','DEPOSIT',8),(175,8752.08,485920.00,'2015-02-22 07:31:17','imperdiet sapien urna pretium nisl ut volutpat sapien arcu','Sheba Tumayan','DEPOSIT',3),(176,2010.93,284557.00,'2019-03-29 13:55:49','vel enim sit','Sharla Lugden','DEPOSIT',6),(177,6595.69,337725.00,'2017-11-01 14:53:28','ullamcorper purus sit','Ariela Pettengell','DEPOSIT',7),(178,8703.98,435386.00,'2018-03-20 00:38:17','lacus morbi quis','Marcellus Nisco','DEPOSIT',5),(179,4039.68,346066.00,'2018-12-25 12:51:00','venenatis tristique fusce congue diam id ornare imperdiet','Francklin Matveichev','PAYMENT',2),(180,1299.22,208091.00,'2011-07-07 07:12:14','vestibulum aliquet ultrices','Sibylle Jorcke','PAYMENT',1),(181,3612.18,129291.00,'2008-09-14 16:31:18','blandit nam nulla integer pede justo lacinia eget','Zacharie Gellier','PAYMENT',1),(182,4358.61,59840.00,'2013-02-26 18:24:33','posuere felis sed lacus morbi sem','Adelind Cocklin','DEPOSIT',1),(183,7873.98,389584.00,'2013-08-09 04:15:02','nulla tellus in sagittis','Ediva Lebarree','DEPOSIT',8),(184,9205.92,405894.00,'2016-08-09 18:42:58','quis orci eget orci','Efrem Grishmanov','DEPOSIT',2),(185,1771.70,216760.00,'2016-09-18 04:28:15','amet cursus id turpis integer aliquet massa id lobortis convallis','Pepita Pacquet','DEPOSIT',1),(186,3847.46,243098.00,'2012-10-31 12:32:07','erat tortor sollicitudin','Jeanie Anshell','PAYMENT',6),(187,664.29,63948.00,'2017-03-12 22:09:36','volutpat eleifend donec ut dolor morbi vel lectus in quam','Olivia Hawkeridge','DEPOSIT',2),(188,6260.11,429992.00,'2017-09-01 22:28:01','nunc nisl duis bibendum felis sed interdum venenatis','Merrill Curds','PAYMENT',5),(189,7000.20,143134.00,'2013-04-16 03:58:31','in leo maecenas pulvinar','Brannon Humbie','PAYMENT',1),(190,5048.48,244818.00,'2010-08-23 20:55:59','vestibulum ac est lacinia nisi venenatis tristique fusce congue diam','Rycca Weaving','PAYMENT',7),(191,6694.96,175924.00,'2016-10-27 07:21:57','est donec odio justo','Kearney Barbier','PAYMENT',8),(192,3135.64,162444.00,'2014-04-25 16:30:11','ipsum dolor sit amet consectetuer adipiscing elit','Paulie Guillon','DEPOSIT',2),(193,8834.80,389406.00,'2017-10-25 10:53:24','ac nulla sed vel enim sit amet nunc viverra dapibus','Hertha Bowling','PAYMENT',5),(194,581.92,347468.00,'2015-10-05 09:32:47','ultrices vel augue vestibulum ante ipsum primis','Addie Bampton','PAYMENT',5),(195,6057.40,477451.00,'2009-12-11 13:56:29','cursus urna ut tellus nulla ut erat','Ashbey Rivitt','DEPOSIT',8),(196,4170.84,208457.00,'2013-08-24 11:22:30','faucibus accumsan odio curabitur','Hyacinth Brickstock','DEPOSIT',7),(197,6452.86,354181.00,'2016-10-09 09:46:34','est risus auctor sed tristique in tempus','Odelle Sher','PAYMENT',7),(198,3827.64,54078.00,'2009-05-23 02:25:57','nascetur ridiculus mus vivamus vestibulum sagittis','Pam Southernwood','DEPOSIT',6),(199,9124.08,475072.00,'2008-06-14 08:03:54','non velit nec nisi vulputate nonummy maecenas tincidunt lacus at','Branden Cuffley','PAYMENT',3),(200,3296.39,210111.00,'2011-11-06 07:50:26','nulla integer pede justo lacinia eget tincidunt','Ezekiel Sevin','DEPOSIT',1),(201,707.44,260001.00,'2014-01-04 12:55:52','montes nascetur ridiculus mus etiam vel','Peterus McManamen','PAYMENT',3),(202,127.43,44435.00,'2011-11-08 14:23:44','volutpat eleifend donec ut dolor morbi vel lectus','Cherlyn Luxton','PAYMENT',5),(203,2595.26,207359.00,'2011-01-13 04:23:22','non pretium quis lectus suspendisse potenti in','Cleon Potteril','DEPOSIT',3),(204,7703.05,218999.00,'2010-08-31 11:40:44','integer a nibh in quis justo maecenas','Saxon Burchatt','DEPOSIT',5),(205,8690.64,406629.00,'2014-01-16 10:58:08','rutrum at lorem integer tincidunt ante vel ipsum praesent blandit','Joline Vanshin','DEPOSIT',2),(206,4874.91,192221.00,'2016-04-07 20:09:40','auctor sed tristique in tempus sit amet sem fusce','Zandra Niesing','DEPOSIT',6),(207,9479.77,442381.00,'2017-03-16 03:50:13','pretium nisl ut volutpat sapien arcu sed augue aliquam erat','Marlane Donnellan','PAYMENT',6),(208,7650.54,83096.00,'2017-07-25 21:27:12','proin risus praesent','Minne Comoletti','DEPOSIT',5),(209,4747.42,422224.00,'2009-03-22 17:52:35','pharetra magna ac consequat metus sapien ut nunc vestibulum','Edik Pack','PAYMENT',5),(210,7086.12,83788.00,'2011-10-31 11:33:00','magna vestibulum aliquet ultrices erat tortor sollicitudin mi sit amet','Jay Flintoffe','PAYMENT',3),(211,6770.95,86542.00,'2010-05-08 15:06:55','a nibh in','Margi Lawn','PAYMENT',2),(212,9165.62,323296.00,'2014-11-12 14:13:37','quis tortor id','Ryann Schneidar','DEPOSIT',1),(213,9570.75,480971.00,'2016-08-16 04:14:25','velit nec nisi','Derrik Grayland','DEPOSIT',7),(214,5646.87,385273.00,'2009-07-06 00:21:35','vestibulum vestibulum ante ipsum primis in faucibus','Dollie Manicomb','PAYMENT',1),(215,526.84,225655.00,'2014-06-08 23:54:24','amet sapien dignissim vestibulum vestibulum ante ipsum primis','Farrel Kemer','DEPOSIT',7),(216,3548.35,18444.00,'2015-05-12 02:38:17','imperdiet nullam orci pede venenatis non sodales','Yorgos Goulthorp','PAYMENT',8),(217,1837.28,203048.00,'2019-01-23 23:06:23','nec euismod scelerisque','Tommie Moakson','DEPOSIT',8),(218,4682.87,21508.00,'2017-10-15 00:29:15','interdum mauris ullamcorper','Clarissa Burchatt','DEPOSIT',5),(219,8144.04,226848.00,'2017-11-07 18:26:34','nunc viverra dapibus nulla','Moselle Spridgen','PAYMENT',2),(220,6845.34,86604.00,'2010-12-14 20:53:49','ultrices enim lorem ipsum dolor sit amet consectetuer adipiscing','Aveline Stiebler','PAYMENT',7),(221,5312.93,139827.00,'2014-11-06 23:10:11','condimentum neque sapien placerat ante nulla','Roddie Galliford','PAYMENT',1),(222,8610.03,32980.00,'2011-12-24 23:35:49','justo eu massa donec dapibus duis at velit eu','Susette Maudsley','PAYMENT',8),(223,4664.65,274765.00,'2013-07-15 08:26:37','ante ipsum primis','Gannon Levecque','PAYMENT',2),(224,6621.05,344949.00,'2010-06-15 10:46:58','neque sapien placerat ante nulla justo aliquam quis turpis','Lawton Docker','PAYMENT',1),(225,6648.67,450784.00,'2018-01-07 10:08:53','erat id mauris vulputate elementum nullam','Marlo Arbuckel','PAYMENT',1),(226,8916.97,444966.00,'2019-03-30 22:50:31','in blandit ultrices enim lorem ipsum dolor sit amet','Madelon Reckhouse','DEPOSIT',8),(227,9685.03,337765.00,'2014-04-02 16:48:45','tellus in sagittis dui vel nisl duis ac','Nikaniki Wikey','PAYMENT',3),(228,8888.14,320800.00,'2016-12-17 17:43:42','lectus in est risus auctor sed tristique in tempus','Celeste Burdell','PAYMENT',8),(229,2386.39,39666.00,'2013-08-24 05:18:36','ante ipsum primis in faucibus orci luctus et ultrices posuere','Parry Cream','DEPOSIT',3),(230,3422.06,322483.00,'2014-09-03 00:06:00','dignissim vestibulum vestibulum','Purcell Standbrooke','DEPOSIT',6),(231,2325.21,91832.00,'2017-08-21 15:46:00','donec semper sapien a libero nam dui proin leo','Greg Nemchinov','PAYMENT',5),(232,9141.30,456890.00,'2017-01-22 00:12:40','metus vitae ipsum aliquam non mauris morbi non lectus aliquam','Kiersten Yeeles','DEPOSIT',8),(233,5519.02,455704.00,'2015-04-07 18:28:49','in hac habitasse platea','Bennie Shirley','PAYMENT',5),(234,7509.11,355762.00,'2013-12-31 16:51:46','orci vehicula condimentum curabitur in libero ut massa volutpat convallis','Elfreda Arnatt','DEPOSIT',7),(235,5805.95,323126.00,'2019-04-06 11:31:52','non velit nec nisi vulputate nonummy maecenas tincidunt','Dannie Gladdifh','PAYMENT',3),(236,4070.41,484547.00,'2009-11-18 06:20:05','et ultrices posuere cubilia curae donec pharetra','Bonnibelle Hinckesman','PAYMENT',1),(237,4398.83,117512.00,'2012-09-02 19:32:49','lorem ipsum dolor sit amet consectetuer','Ottilie Kinningley','DEPOSIT',3),(238,9446.04,83452.00,'2013-04-08 16:01:43','elementum ligula vehicula consequat morbi a ipsum','Halie Dyshart','PAYMENT',5),(239,1376.67,237570.00,'2009-01-16 14:13:12','sapien ut nunc vestibulum ante ipsum primis in faucibus','Sasha Rogan','PAYMENT',1),(240,6601.46,242338.00,'2010-08-29 13:54:17','vel sem sed sagittis nam congue risus semper porta','Kath O\'Looney','PAYMENT',3),(241,2029.66,119325.00,'2012-05-19 16:07:58','nisi vulputate nonummy maecenas tincidunt lacus at velit','Drusilla Serjeant','DEPOSIT',8),(242,6295.99,229677.00,'2014-01-21 17:09:45','rutrum nulla tellus in sagittis dui','Willie Caze','PAYMENT',5),(243,3016.51,430358.00,'2009-06-20 04:40:06','pede venenatis non sodales sed tincidunt','Kelly Anselm','DEPOSIT',7),(244,8803.77,473680.00,'2010-01-20 12:54:13','velit nec nisi vulputate nonummy maecenas tincidunt','Theodoric Haithwaite','PAYMENT',3),(245,4918.14,125736.00,'2009-09-03 03:47:37','ligula suspendisse ornare consequat lectus in est','Nat Gerhardt','DEPOSIT',7),(246,5022.77,234450.00,'2014-08-12 12:00:34','in eleifend quam a odio in hac habitasse','Gayel Shatliffe','PAYMENT',1),(247,2404.44,78216.00,'2019-03-28 11:43:16','placerat praesent blandit nam nulla integer pede justo','Carolann Gartell','DEPOSIT',5),(248,4275.46,275402.00,'2016-05-25 23:25:50','praesent blandit lacinia erat vestibulum sed magna at nunc','Humfrid Getley','PAYMENT',5),(249,3632.80,63323.00,'2010-02-08 12:30:24','proin eu mi nulla ac enim in','Jewel Dignan','DEPOSIT',7),(250,9991.36,251501.00,'2009-06-09 06:26:41','augue vel accumsan tellus nisi eu','Gay Auchterlonie','DEPOSIT',6),(251,8132.83,484663.00,'2013-10-13 07:35:23','vulputate elementum nullam varius','Mervin Cramphorn','PAYMENT',1),(252,9714.52,478413.00,'2015-09-24 11:30:51','morbi ut odio cras mi','Maximilian Gallaher','DEPOSIT',8),(253,7306.38,92159.00,'2015-01-12 21:24:13','lorem id ligula suspendisse ornare consequat lectus in','Yulma Garrard','PAYMENT',7),(254,9368.29,267792.00,'2010-05-13 13:53:02','purus phasellus in felis donec semper','Honey Durden','PAYMENT',5),(255,8538.76,461719.00,'2010-03-04 01:17:00','at velit eu est congue elementum in hac habitasse platea','Peg McHardy','PAYMENT',6),(256,7539.95,334762.00,'2015-11-03 12:15:13','primis in faucibus orci luctus','Paulita Trodden','DEPOSIT',7),(257,4478.47,261768.00,'2015-09-26 09:21:55','metus aenean fermentum donec ut mauris eget massa tempor convallis','Woodrow Proctor','DEPOSIT',3),(258,4854.56,312567.00,'2011-03-19 07:15:38','lorem quisque ut erat curabitur gravida nisi at nibh in','Rowena Nansom','PAYMENT',6),(259,3716.08,201139.00,'2012-10-19 23:38:47','sit amet nunc viverra dapibus nulla suscipit ligula','Karlee Casey','DEPOSIT',2),(260,5534.28,153018.00,'2013-10-30 18:41:57','cubilia curae donec pharetra magna vestibulum aliquet ultrices erat tortor','Bernadina Lattie','DEPOSIT',3),(261,4892.74,204236.00,'2008-11-25 10:57:57','mus vivamus vestibulum sagittis','Gordon Wilding','DEPOSIT',7),(262,2763.96,472518.00,'2011-11-30 18:53:01','lacus at turpis donec posuere metus vitae ipsum','Doralynne Ponceford','DEPOSIT',5),(263,8607.72,65022.00,'2009-04-05 13:45:03','integer a nibh in quis','Rosina Cabell','PAYMENT',7),(264,3450.43,140430.00,'2016-09-04 22:05:45','arcu adipiscing molestie hendrerit','Shelagh Leather','DEPOSIT',3),(265,3569.38,451260.00,'2011-03-04 03:12:22','nunc commodo placerat praesent blandit nam','Tabby Pennings','PAYMENT',8),(266,3975.54,338461.00,'2008-11-11 13:20:32','non velit donec diam neque','Scot Grossier','DEPOSIT',5),(267,1178.21,390959.00,'2015-03-13 00:51:44','lacus at turpis donec posuere metus','Jemmie Blint','PAYMENT',1),(268,3692.02,322598.00,'2010-10-12 16:47:17','blandit mi in porttitor pede justo eu massa donec dapibus','Rock Seelbach','PAYMENT',1),(269,5746.18,28860.00,'2015-06-26 19:37:52','proin leo odio','Modesty Milington','DEPOSIT',7),(270,5476.49,393620.00,'2012-04-19 18:48:17','arcu libero rutrum ac lobortis','Leann Tarbert','PAYMENT',5),(271,2300.21,61368.00,'2013-11-14 01:35:01','integer aliquet massa id lobortis convallis tortor','Jaymee Braznell','PAYMENT',7),(272,4361.51,267672.00,'2019-02-28 07:43:07','turpis nec euismod scelerisque quam turpis adipiscing lorem vitae','Roy Ramiro','DEPOSIT',3),(273,3675.30,414320.00,'2008-07-21 14:04:53','quam turpis adipiscing lorem vitae','Merrili Bartolommeo','PAYMENT',8),(274,5784.27,449850.00,'2011-11-08 07:25:11','sapien cum sociis natoque penatibus et','Jilly Hinstock','PAYMENT',5),(275,9612.02,245112.00,'2015-12-12 15:29:52','justo lacinia eget tincidunt eget tempus vel pede','Marcela Shrimpton','PAYMENT',5),(276,4189.77,355487.00,'2011-03-03 10:00:12','urna pretium nisl ut volutpat','Colene Medland','PAYMENT',3),(277,1389.98,32484.00,'2012-04-23 06:15:05','maecenas rhoncus aliquam lacus morbi','Theodore Imos','DEPOSIT',3),(278,1739.57,208209.00,'2017-05-28 07:16:08','cum sociis natoque','Bjorn Yarwood','DEPOSIT',6),(279,3235.26,139036.00,'2017-03-08 14:19:11','in lectus pellentesque at nulla suspendisse potenti cras in purus','Kevyn Frontczak','PAYMENT',3),(280,4422.33,466052.00,'2014-04-01 18:31:32','curabitur convallis duis consequat dui nec','Free Meadows','PAYMENT',3),(281,9372.66,210467.00,'2011-02-21 16:26:34','morbi a ipsum integer a nibh in','Carmelita O\'Riordan','PAYMENT',6),(282,9096.78,311042.00,'2012-06-03 09:05:55','pulvinar lobortis est phasellus sit amet','Bronson Anglin','PAYMENT',8),(283,9801.99,144942.00,'2015-05-08 11:19:14','sed accumsan felis ut at dolor quis','Edie Pring','PAYMENT',1),(284,2022.81,123076.00,'2019-04-12 12:24:21','at nibh in hac habitasse platea dictumst aliquam augue','Perl O\' Cuolahan','DEPOSIT',2),(285,8556.21,26091.00,'2018-08-03 04:22:37','sit amet cursus id turpis integer aliquet massa id lobortis','Godfrey Phillips','PAYMENT',2),(286,2527.86,177620.00,'2009-09-20 11:17:11','libero ut massa volutpat convallis','Vania Dilawey','DEPOSIT',3),(287,8054.57,200069.00,'2014-01-20 07:16:02','tortor quis turpis sed ante','Berk Esmond','PAYMENT',3),(288,8000.47,56806.00,'2017-11-28 22:29:13','non mattis pulvinar nulla pede ullamcorper augue','Sol Grisewood','DEPOSIT',1),(289,8253.65,173751.00,'2011-11-22 07:10:34','ac tellus semper interdum mauris ullamcorper','Cletis Longland','PAYMENT',2),(290,5232.60,250397.00,'2012-12-21 04:35:05','metus arcu adipiscing','Everard Rossi','DEPOSIT',6),(291,4667.00,280920.00,'2015-02-20 09:02:06','habitasse platea dictumst morbi vestibulum velit id pretium iaculis','Creight Bithany','PAYMENT',6),(292,7726.66,471860.00,'2013-01-02 17:21:39','rutrum ac lobortis vel dapibus at diam nam tristique tortor','Barnett Depke','DEPOSIT',6),(293,2416.00,377935.00,'2013-03-12 15:46:34','a suscipit nulla elit ac','Vite Duffill','PAYMENT',8),(294,3828.89,40350.00,'2015-07-13 08:11:04','vel pede morbi porttitor lorem id ligula suspendisse ornare consequat','Rocky Bensen','DEPOSIT',6),(295,1709.09,246959.00,'2012-12-22 12:02:47','quam pede lobortis ligula sit amet eleifend','Jacki Pirrone','DEPOSIT',6),(296,4511.34,355187.00,'2018-06-17 01:34:27','nisl duis ac nibh fusce lacus purus aliquet at feugiat','Ogdon Di Baudi','DEPOSIT',3),(297,5400.54,37787.00,'2009-03-23 20:47:45','ultrices libero non mattis','Minerva Patrono','DEPOSIT',3),(298,5104.23,414043.00,'2009-06-25 03:07:12','mauris morbi non lectus aliquam sit amet','Obadias Dedham','DEPOSIT',2),(299,8789.36,114791.00,'2015-10-22 06:49:45','amet eleifend pede libero','Godwin Gillebert','PAYMENT',8),(300,3269.69,389132.00,'2016-05-28 01:21:40','in congue etiam justo etiam pretium iaculis justo in','Eliot Gildersleaves','PAYMENT',3),(301,5847.37,432380.00,'2012-08-12 23:45:18','fermentum justo nec','Georg Shorten','DEPOSIT',7),(302,9727.79,485021.00,'2009-04-18 13:06:23','ante vel ipsum praesent blandit lacinia erat vestibulum','Timmi Crompton','PAYMENT',3),(303,963.95,344615.00,'2009-07-03 13:40:08','lacus at velit','Geoff Bisgrove','DEPOSIT',1),(304,2887.93,308199.00,'2012-05-09 00:31:41','mauris eget massa tempor convallis nulla neque libero convallis eget','Madelaine Davidson','DEPOSIT',1),(305,306.74,127491.00,'2016-10-21 10:41:12','ut rhoncus aliquet pulvinar sed','Horatia Ilchuk','PAYMENT',2),(306,1866.22,291455.00,'2015-06-18 11:05:48','morbi non quam nec dui luctus','Regan Rumsey','DEPOSIT',5),(307,8880.48,151880.00,'2014-02-18 21:28:03','venenatis lacinia aenean sit','Brigit Akram','PAYMENT',5),(308,4941.12,33047.00,'2011-07-06 17:01:42','a suscipit nulla elit','Alphard Grono','PAYMENT',7),(309,2013.71,212201.00,'2013-08-03 17:47:48','condimentum id luctus nec molestie sed','Jillayne Kittredge','DEPOSIT',8),(310,4860.87,132427.00,'2014-04-20 00:16:37','rhoncus aliquam lacus morbi quis tortor id nulla','Leshia Haucke','PAYMENT',5),(311,4477.53,224843.00,'2010-06-14 00:42:33','mus etiam vel augue vestibulum rutrum rutrum neque aenean','Salvatore Fierro','DEPOSIT',6),(312,113.29,88635.00,'2011-03-15 22:01:00','duis aliquam convallis nunc proin','Barris Meran','PAYMENT',2),(313,749.36,176125.00,'2018-01-27 23:56:33','aliquam lacus morbi quis tortor id','Fons Allender','DEPOSIT',6),(314,396.66,150759.00,'2008-09-27 06:40:07','donec ut mauris','Gerrilee Harbage','PAYMENT',6),(315,3318.20,24499.00,'2019-01-26 21:25:24','in hac habitasse platea dictumst aliquam augue quam sollicitudin','Edvard Ricards','PAYMENT',2),(316,4515.97,323563.00,'2019-02-28 08:08:43','vel lectus in quam fringilla','Ly Ruddiforth','DEPOSIT',8),(317,1405.16,313771.00,'2010-05-08 10:47:40','felis sed lacus','Melonie Telega','DEPOSIT',5),(318,8054.95,96996.00,'2019-04-18 06:35:13','hac habitasse platea dictumst aliquam augue quam sollicitudin vitae','Bernadine Kermon','DEPOSIT',1),(319,8434.03,252035.00,'2018-12-10 03:01:07','faucibus cursus urna ut tellus nulla ut','Ellene Weldrick','PAYMENT',5),(320,1100.06,21411.00,'2011-05-29 13:36:11','proin eu mi nulla ac enim in tempor','Trix Linggood','PAYMENT',5),(321,9394.26,112578.00,'2008-09-16 21:01:33','neque sapien placerat ante nulla','Hilda Hobbema','PAYMENT',5),(322,1567.32,39213.00,'2016-10-04 23:17:53','nibh quisque id justo sit amet sapien dignissim vestibulum','Burch Belcham','PAYMENT',7),(323,405.84,25760.00,'2012-03-16 02:22:48','sed tristique in tempus','Lauren Moynham','DEPOSIT',7),(324,5609.99,402128.00,'2016-07-06 12:31:15','sed justo pellentesque viverra','Walker Hambric','DEPOSIT',1),(325,7096.00,231179.00,'2018-04-04 17:51:53','convallis tortor risus dapibus augue vel','Deloris Worg','PAYMENT',5),(326,9710.17,355435.00,'2011-01-16 12:53:43','sed augue aliquam erat','Blisse Borsnall','PAYMENT',6),(327,6970.21,366394.00,'2011-03-10 00:44:39','magna vestibulum aliquet ultrices','Albertine Sleford','PAYMENT',5),(328,5560.62,118693.00,'2015-11-24 12:03:46','integer non velit donec diam neque vestibulum eget vulputate','Roanne Wylie','PAYMENT',5),(329,8580.63,191642.00,'2009-01-27 04:41:44','ipsum aliquam non mauris morbi non','Marysa Ewell','DEPOSIT',8),(330,5644.91,481376.00,'2019-04-08 23:22:06','augue vestibulum rutrum rutrum neque','Belvia McCaw','DEPOSIT',2),(331,1461.28,30321.00,'2016-02-09 18:33:38','nisi nam ultrices libero non mattis pulvinar nulla pede ullamcorper','Annemarie Simenet','DEPOSIT',3),(332,8996.59,242032.00,'2017-01-23 20:11:12','leo odio condimentum id luctus nec','Cameron Hastelow','DEPOSIT',1),(333,8429.31,235824.00,'2013-11-07 09:14:11','elementum ligula vehicula consequat morbi a','Yelena Bolding','DEPOSIT',3),(334,758.86,430348.00,'2008-10-11 16:32:59','ligula in lacus curabitur at ipsum','Maridel Emson','DEPOSIT',6),(335,8879.69,395283.00,'2016-04-18 08:07:56','ac est lacinia nisi venenatis tristique','Sonnie Gave','DEPOSIT',1),(336,1509.72,399632.00,'2018-04-20 10:59:20','blandit non interdum','Milli Burgoine','PAYMENT',8),(337,3088.55,417885.00,'2017-03-29 22:32:01','nulla neque libero convallis eget eleifend luctus ultricies','Freida Cescot','DEPOSIT',1),(338,6972.50,58653.00,'2010-02-25 21:40:18','primis in faucibus orci luctus et','Anthe Durden','DEPOSIT',8),(339,6405.04,56753.00,'2013-12-08 19:50:41','eu tincidunt in leo maecenas pulvinar lobortis est phasellus sit','Wallie Waldron','DEPOSIT',1),(340,1362.84,435004.00,'2018-10-18 19:41:16','consequat morbi a ipsum','Dun Folger','PAYMENT',1),(341,2445.00,342630.00,'2009-12-06 02:05:58','sit amet consectetuer adipiscing elit proin','Rockwell Ferrier','DEPOSIT',1),(342,6176.21,19195.00,'2015-02-17 06:23:06','curae nulla dapibus dolor vel est','Natividad Kierans','PAYMENT',7),(343,6333.56,262959.00,'2017-01-04 13:59:50','morbi porttitor lorem id ligula suspendisse ornare consequat','Jaimie Winks','DEPOSIT',6),(344,1405.94,266541.00,'2017-05-24 12:45:00','sapien arcu sed augue aliquam erat volutpat in congue','Douglass Shewry','PAYMENT',8),(345,3517.89,478269.00,'2016-06-18 14:06:51','fusce posuere felis sed','Pete Syme','DEPOSIT',2),(346,8949.68,406710.00,'2015-03-07 05:39:09','molestie nibh in lectus pellentesque at nulla suspendisse potenti','Timmie Haycox','PAYMENT',2),(347,6083.69,342310.00,'2013-04-28 17:35:29','morbi non lectus aliquam sit amet diam in magna','Woodie Hurlestone','PAYMENT',2),(348,5671.77,334192.00,'2019-03-24 17:36:16','nulla quisque arcu libero','Jessie Hayesman','DEPOSIT',7),(349,6695.78,62606.00,'2012-11-20 01:16:58','amet consectetuer adipiscing','Cynthia Feckey','PAYMENT',6),(350,5098.30,204817.00,'2011-09-14 10:05:59','risus praesent lectus vestibulum','Carolynn McAuley','DEPOSIT',7),(351,5427.03,120179.00,'2011-09-14 06:33:48','sit amet eleifend pede libero','Idaline Hambly','DEPOSIT',6),(352,9436.22,460765.00,'2016-11-03 13:06:07','nisl aenean lectus pellentesque eget nunc donec quis orci eget','Ester Whitcombe','DEPOSIT',5),(353,186.24,248505.00,'2012-07-21 14:03:08','id ligula suspendisse','Adler Keld','DEPOSIT',7),(354,7265.18,94001.00,'2012-07-21 09:49:54','purus sit amet nulla','Alys Maccaddie','DEPOSIT',1),(355,5631.75,38977.00,'2016-07-23 19:21:08','fusce lacus purus','Charita Barcke','DEPOSIT',8),(356,631.53,19518.00,'2018-05-25 19:44:44','erat id mauris vulputate','Wilfrid Roberti','PAYMENT',8),(357,422.85,113990.00,'2008-08-25 22:59:13','ultrices libero non mattis pulvinar nulla','Mirabelle Benwell','PAYMENT',8),(358,5258.03,106520.00,'2015-10-07 03:20:44','amet erat nulla tempus','Joya Hawson','DEPOSIT',6),(359,5238.11,17297.00,'2016-07-05 02:30:10','faucibus orci luctus et ultrices posuere cubilia curae','Onfroi Roskilly','DEPOSIT',6),(360,9788.29,468693.00,'2009-09-18 08:03:41','vitae quam suspendisse potenti','Gretal Cancott','PAYMENT',8),(361,629.65,272213.00,'2015-11-21 14:29:39','ultrices posuere cubilia curae duis faucibus','Carissa Moakler','PAYMENT',8),(362,2822.00,174301.00,'2010-06-05 23:18:59','vivamus tortor duis mattis egestas metus aenean fermentum donec','Kalindi Grelka','PAYMENT',1),(363,4787.24,338841.00,'2009-06-28 21:37:03','semper interdum mauris ullamcorper purus','Helge Kensett','PAYMENT',2),(364,5972.35,292908.00,'2011-03-07 05:20:44','purus phasellus in felis donec semper sapien a libero nam','Julissa Voss','DEPOSIT',7),(365,1610.19,407120.00,'2017-07-10 18:40:25','orci vehicula condimentum','Evvy McCuffie','PAYMENT',3),(366,6085.91,271712.00,'2016-08-07 18:16:43','etiam faucibus cursus urna ut tellus nulla ut erat','Erika Tomaszewicz','DEPOSIT',8),(367,4300.99,247019.00,'2014-05-11 04:08:11','nulla suscipit ligula in lacus curabitur at ipsum','Isa Colbeck','DEPOSIT',7),(368,6578.65,131668.00,'2013-09-30 13:11:21','nec euismod scelerisque','Rustin Regnard','DEPOSIT',3),(369,3984.43,472016.00,'2017-07-01 21:31:01','non mauris morbi non lectus aliquam','Maddy Madrell','PAYMENT',6),(370,8048.48,424926.00,'2011-11-18 21:29:54','vivamus vel nulla eget','Violette McVie','PAYMENT',7),(371,5402.69,28057.00,'2016-10-25 14:12:52','et eros vestibulum ac est','Joela Weatherall','DEPOSIT',7),(372,1191.47,394580.00,'2014-09-14 06:39:54','enim sit amet','Francklyn Tallent','PAYMENT',1),(373,200.79,182323.00,'2009-06-12 08:20:43','faucibus cursus urna ut tellus nulla ut erat id','Rosie Mewe','DEPOSIT',3),(374,9992.81,298719.00,'2009-08-04 23:48:29','duis at velit eu est congue elementum in hac habitasse','Gerik Mix','PAYMENT',3),(375,5595.38,290089.00,'2017-11-27 23:55:21','eleifend pede libero quis orci nullam','Hillard De Zamudio','PAYMENT',7),(376,5393.80,127201.00,'2009-08-25 16:10:07','elementum eu interdum eu tincidunt','Shel Linklet','DEPOSIT',8),(377,905.36,498478.00,'2013-06-21 16:00:26','hac habitasse platea dictumst etiam faucibus cursus urna ut tellus','Norbert Annott','DEPOSIT',7),(378,3825.86,167643.00,'2010-02-27 17:26:33','ultrices posuere cubilia curae mauris','Lenard Sinott','PAYMENT',7),(379,1987.15,147165.00,'2014-02-01 01:43:51','massa volutpat convallis morbi odio odio','Helena Sutcliff','DEPOSIT',1),(380,3656.90,107821.00,'2013-05-09 03:14:04','vel accumsan tellus nisi','Bar Foxley','DEPOSIT',3),(381,5079.53,17309.00,'2011-04-11 20:32:54','mattis odio donec vitae nisi nam ultrices libero non','Ginger Goodrich','DEPOSIT',1),(382,2465.49,390152.00,'2014-05-22 10:39:02','odio consequat varius integer ac leo pellentesque ultrices mattis odio','Dorry Semour','PAYMENT',7),(383,3460.07,50315.00,'2018-06-16 03:22:58','quis libero nullam sit amet turpis elementum','Briney Malcher','PAYMENT',6),(384,8363.21,64542.00,'2018-02-04 21:11:42','consequat dui nec nisi volutpat eleifend donec','Forster De Beneditti','DEPOSIT',1),(385,466.36,414520.00,'2016-01-17 09:57:14','non mattis pulvinar nulla pede ullamcorper augue a suscipit','Benny Mardy','DEPOSIT',2),(386,5042.63,116372.00,'2009-06-05 13:53:46','pretium iaculis diam erat fermentum justo nec condimentum','Freeman Pingstone','PAYMENT',7),(387,5440.39,246980.00,'2009-12-04 01:14:49','amet lobortis sapien sapien','Ranna Silverthorne','PAYMENT',7),(388,7125.24,70074.00,'2016-09-13 05:50:06','posuere cubilia curae nulla dapibus dolor vel est donec','Liam Wrates','PAYMENT',2),(389,4470.73,350728.00,'2019-02-06 03:23:02','nulla suspendisse potenti cras in purus eu magna vulputate','Garwood Jahns','DEPOSIT',3),(390,6465.45,48197.00,'2018-10-26 17:17:32','est congue elementum in hac habitasse platea dictumst morbi','Melvyn Farlowe','DEPOSIT',6),(391,1989.31,241232.00,'2014-10-18 19:57:36','consectetuer adipiscing elit proin interdum mauris non ligula pellentesque ultrices','Trace O\'Scollain','DEPOSIT',2),(392,4919.40,378117.00,'2011-12-28 17:06:57','risus dapibus augue vel accumsan tellus nisi eu','Chrisy Barnshaw','DEPOSIT',2),(393,2798.26,328831.00,'2010-07-21 02:11:55','quam sapien varius ut blandit non interdum in','Burgess Clinch','DEPOSIT',2),(394,2247.90,401478.00,'2012-06-27 11:47:30','nulla ac enim in tempor turpis','Margalo Baggallay','PAYMENT',8),(395,678.00,447410.00,'2013-04-30 18:51:57','eget massa tempor convallis nulla','Lurette Westhead','DEPOSIT',7),(396,5706.02,11365.00,'2016-03-05 03:03:01','porttitor lorem id ligula suspendisse ornare','Jerrilee Brookwell','PAYMENT',1),(397,3288.54,116627.00,'2009-12-11 19:22:23','consequat nulla nisl nunc nisl duis bibendum felis','Katey Sigge','DEPOSIT',6),(398,7901.95,364662.00,'2014-07-19 21:14:54','habitasse platea dictumst maecenas ut massa quis','Devon Studdert','PAYMENT',3),(399,2209.99,60305.00,'2008-05-26 17:27:05','etiam justo etiam pretium iaculis justo in hac habitasse','Etta Cotty','DEPOSIT',2),(400,5555.18,197883.00,'2019-02-24 15:21:24','quam a odio in hac','Fremont Weekley','PAYMENT',6),(401,4554.74,452155.00,'2016-11-14 12:23:14','vitae ipsum aliquam non mauris morbi non','Fernanda Tulleth','DEPOSIT',2),(402,8869.38,363688.00,'2009-01-02 17:41:47','ut nunc vestibulum ante ipsum','Nerita Logie','DEPOSIT',8),(403,3667.99,161501.00,'2011-07-01 13:57:46','dignissim vestibulum vestibulum','Raleigh Thicking','PAYMENT',3),(404,4168.18,404581.00,'2012-11-15 21:30:55','consequat ut nulla','Beilul Pycock','PAYMENT',1),(405,3289.54,372878.00,'2010-09-25 15:05:08','diam neque vestibulum eget','Tanny Aubrey','PAYMENT',1),(406,8483.67,498434.00,'2015-06-26 21:59:02','duis faucibus accumsan odio curabitur convallis duis consequat dui nec','Corabel Trathan','PAYMENT',7),(407,4846.35,81669.00,'2016-08-07 08:28:03','pretium quis lectus suspendisse potenti in eleifend quam','Judd Van der Baaren','PAYMENT',2),(408,9513.28,85855.00,'2013-02-27 01:35:49','vel augue vestibulum rutrum rutrum neque aenean','Carlita Raftery','DEPOSIT',5),(409,6719.89,498444.00,'2012-03-13 06:33:48','magna vulputate luctus cum sociis natoque penatibus et','Marian Kalkofen','DEPOSIT',3),(410,6744.76,204274.00,'2010-05-18 06:45:55','quisque id justo sit','Glenn Labrom','PAYMENT',3),(411,4365.39,250032.00,'2013-04-07 17:40:32','dignissim vestibulum vestibulum ante','Dwight Elcoat','DEPOSIT',3),(412,6697.91,386887.00,'2014-09-01 13:44:54','nulla quisque arcu libero rutrum ac','Leanor Faye','PAYMENT',8),(413,3780.13,345170.00,'2015-07-19 12:45:37','eget massa tempor convallis nulla neque libero convallis eget eleifend','Carleen Sallows','DEPOSIT',7),(414,1636.54,373088.00,'2011-11-02 00:57:50','curabitur convallis duis consequat dui nec nisi volutpat','Anny Ivkovic','PAYMENT',6),(415,3080.05,93991.00,'2013-04-16 02:00:24','magnis dis parturient montes nascetur ridiculus mus vivamus','Rafaelia Williscroft','PAYMENT',1),(416,3992.07,332004.00,'2009-03-31 08:57:08','pede justo eu massa donec dapibus duis at','Jobey Lydden','DEPOSIT',8),(417,6232.16,238951.00,'2012-09-01 12:19:25','vel sem sed sagittis','Rasia Swainsbury','DEPOSIT',8),(418,1970.41,232553.00,'2015-08-21 13:32:56','nunc rhoncus dui vel sem sed sagittis nam congue risus','Damara Slingsby','DEPOSIT',3),(419,3516.09,171498.00,'2019-04-19 01:40:03','pellentesque ultrices mattis odio donec vitae','Tatiana Ketton','DEPOSIT',6),(420,2027.39,474800.00,'2017-01-14 04:44:47','augue quam sollicitudin','Gisella Marsters','DEPOSIT',5),(421,1694.30,297977.00,'2015-07-18 04:29:06','sit amet eros','Alwin Duffett','PAYMENT',6),(422,5797.44,121261.00,'2014-10-31 21:51:18','donec vitae nisi nam ultrices','Neala Searson','PAYMENT',6),(423,6540.76,254344.00,'2012-03-01 14:25:45','eros viverra eget congue eget','Tyne Mailey','PAYMENT',1),(424,3927.06,115079.00,'2016-02-08 22:26:59','erat nulla tempus vivamus','Drugi Okey','PAYMENT',1),(425,2304.22,243684.00,'2011-01-15 18:15:13','quis turpis sed ante','Wiley Kirkwood','DEPOSIT',2),(426,2216.81,160838.00,'2017-08-26 05:23:55','bibendum felis sed interdum venenatis turpis','Nester MacCosto','PAYMENT',3),(427,4406.52,360282.00,'2012-08-02 06:23:06','enim leo rhoncus','Cissy Ickowics','DEPOSIT',8),(428,8853.15,372738.00,'2017-04-01 02:14:51','consequat lectus in est','Klara Slixby','PAYMENT',3),(429,7137.69,306787.00,'2016-08-22 00:46:00','urna pretium nisl','Friederike Grunnill','PAYMENT',3),(430,8345.33,362912.00,'2014-03-29 23:33:52','sollicitudin ut suscipit a feugiat et eros vestibulum ac est','Garrott Screach','DEPOSIT',6),(431,5497.93,332070.00,'2009-02-11 02:58:59','vel ipsum praesent blandit lacinia erat vestibulum sed','Palm Stichel','DEPOSIT',7),(432,1679.64,200307.00,'2011-09-05 17:22:32','pharetra magna vestibulum aliquet ultrices erat tortor sollicitudin mi sit','Yelena Kilmurray','PAYMENT',2),(433,8932.28,364309.00,'2009-04-24 02:50:41','quis orci nullam molestie nibh in lectus pellentesque','Merrel MacKaig','PAYMENT',3),(434,7107.43,281666.00,'2009-10-07 02:01:26','tortor quis turpis sed ante vivamus tortor duis','Odele Prahl','PAYMENT',2),(435,7538.33,150891.00,'2018-06-20 12:13:12','posuere metus vitae','Murial Janos','DEPOSIT',6),(436,5579.72,125183.00,'2010-06-07 04:31:55','magna at nunc commodo placerat praesent','Stace MacGlory','PAYMENT',7),(437,4205.85,90478.00,'2008-11-11 21:39:40','sed nisl nunc rhoncus dui vel sem sed sagittis','Cortney Roe','DEPOSIT',8),(438,8589.18,199183.00,'2018-06-06 22:21:10','donec posuere metus vitae ipsum aliquam non','Nan Vickers','PAYMENT',7),(439,1764.94,421003.00,'2012-12-14 21:59:35','sem duis aliquam','Carl Soppett','PAYMENT',2),(440,1529.58,212112.00,'2017-05-20 12:57:24','sit amet nulla quisque arcu libero','Ethelyn Rawdales','PAYMENT',8),(441,1306.94,173661.00,'2017-09-27 09:34:44','commodo vulputate justo in blandit ultrices enim','Edita Kernes','PAYMENT',2),(442,3189.44,56135.00,'2018-09-13 10:25:42','pede venenatis non sodales sed tincidunt eu felis fusce','Archibold Adamowicz','PAYMENT',5),(443,3508.75,208892.00,'2008-12-09 07:18:11','ipsum ac tellus semper','Jacquie Duncklee','PAYMENT',1),(444,1676.08,362608.00,'2016-11-13 02:22:20','diam erat fermentum justo nec','Dale Ringwood','DEPOSIT',7),(445,3885.39,125363.00,'2013-09-01 00:02:58','etiam vel augue vestibulum rutrum rutrum','Kathlin Izkoveski','DEPOSIT',1),(446,6430.10,246976.00,'2011-02-21 16:31:42','suscipit ligula in lacus curabitur at ipsum ac tellus semper','Glyn Hattoe','PAYMENT',3),(447,2472.59,74460.00,'2012-01-04 23:17:21','rutrum ac lobortis vel dapibus at','Lethia Fenge','DEPOSIT',7),(448,3305.73,302063.00,'2009-01-04 14:08:03','tellus nulla ut erat id mauris vulputate elementum nullam varius','Janette Gallehawk','DEPOSIT',8),(449,2049.98,181537.00,'2017-04-15 20:11:38','pellentesque eget nunc donec quis orci eget orci vehicula','Riannon Pyer','DEPOSIT',7),(450,3838.03,174161.00,'2017-07-18 20:49:56','luctus et ultrices posuere cubilia curae duis faucibus accumsan odio','Major Wemm','PAYMENT',2),(451,5696.76,249123.00,'2010-04-10 08:15:40','vestibulum ante ipsum primis in faucibus orci luctus et','Holden MacKimm','PAYMENT',7),(452,7561.96,495423.00,'2019-05-04 06:34:57','sit amet justo morbi ut odio cras mi','Rodolphe Spenclay','DEPOSIT',1),(453,6136.28,85057.00,'2010-10-21 01:41:42','morbi vestibulum velit id pretium iaculis diam erat fermentum','Tucker Basketter','DEPOSIT',5),(454,4421.74,498536.00,'2018-09-16 04:31:24','nulla nunc purus','Anastasie Samett','PAYMENT',3),(455,8973.69,118316.00,'2010-07-05 09:07:50','mauris morbi non lectus aliquam','Bryant Neaves','DEPOSIT',1),(456,1441.18,352467.00,'2017-11-25 04:58:02','dapibus dolor vel est donec odio justo sollicitudin','Kit Giroldo','PAYMENT',6),(457,3207.08,494425.00,'2015-12-14 09:52:06','magnis dis parturient montes nascetur ridiculus mus vivamus vestibulum sagittis','Madeleine Greedyer','PAYMENT',5),(458,4531.96,42697.00,'2018-09-23 23:55:59','ullamcorper augue a suscipit','Leslie Jedraszczyk','DEPOSIT',3),(459,818.97,271703.00,'2012-11-17 19:03:34','vel dapibus at diam','Fabio Korbmaker','PAYMENT',5),(460,6363.68,21790.00,'2010-03-19 08:21:59','lacus purus aliquet at feugiat non pretium quis lectus','Chrissie Perche','DEPOSIT',3),(461,3125.05,334565.00,'2010-10-25 06:14:51','donec pharetra magna vestibulum aliquet ultrices erat tortor','Care Thomkins','PAYMENT',7),(462,6538.37,50226.00,'2009-03-26 10:21:16','id mauris vulputate elementum nullam varius nulla facilisi','Hort Donovin','PAYMENT',1),(463,1460.97,102632.00,'2012-05-27 14:57:40','vestibulum proin eu mi nulla ac enim','Isidore Hallet','PAYMENT',8),(464,6849.10,58262.00,'2014-11-11 18:12:09','posuere cubilia curae mauris viverra diam vitae quam suspendisse','Drusy Devita','DEPOSIT',7),(465,4694.02,324986.00,'2018-07-09 22:40:53','orci pede venenatis non sodales sed tincidunt eu felis','Maren Paulou','DEPOSIT',2),(466,6095.66,105736.00,'2015-06-09 03:34:42','eget rutrum at lorem','Barbie Keenlayside','PAYMENT',5),(467,282.39,335987.00,'2016-01-20 12:51:49','nulla suspendisse potenti cras','Sherwynd Loghan','PAYMENT',8),(468,5941.26,76131.00,'2016-05-01 11:44:25','luctus et ultrices posuere cubilia curae','Carmon Papaccio','DEPOSIT',1),(469,5943.76,117466.00,'2014-05-05 21:24:24','primis in faucibus orci luctus et ultrices posuere cubilia','Pet Duddle','DEPOSIT',6),(470,4715.20,138120.00,'2015-11-20 11:47:13','cursus id turpis integer aliquet massa id lobortis convallis','Evey oldey','PAYMENT',6),(471,2952.72,423411.00,'2011-11-08 08:28:58','mauris viverra diam vitae quam suspendisse potenti nullam porttitor lacus','Heinrick Rodders','DEPOSIT',3),(472,6685.76,63913.00,'2009-06-07 13:37:05','eros vestibulum ac est lacinia nisi','Hamlen Lainge','PAYMENT',5),(473,3767.17,356248.00,'2014-07-04 03:03:37','nisi at nibh in hac','Jeannie Arkell','PAYMENT',7),(474,2596.29,250250.00,'2018-05-17 10:56:55','primis in faucibus orci luctus et ultrices','Glenden Witherop','PAYMENT',2),(475,7971.08,489123.00,'2016-01-20 13:15:14','dolor quis odio consequat varius integer ac','Jamie Bidmead','DEPOSIT',3),(476,5133.27,182978.00,'2010-04-06 16:45:30','laoreet ut rhoncus aliquet pulvinar sed nisl','Ernaline Lalley','DEPOSIT',6),(477,1563.78,150995.00,'2016-05-13 11:10:48','vestibulum ante ipsum primis','Chrysa Goldes','PAYMENT',7),(478,5898.87,373272.00,'2019-03-18 17:13:39','congue elementum in hac habitasse platea','Salomone Cockroft','PAYMENT',1),(479,2090.54,62328.00,'2019-02-20 18:17:17','nulla tellus in sagittis dui vel nisl duis','Marni Baudi','DEPOSIT',2),(480,8721.48,226080.00,'2010-03-02 04:31:10','euismod scelerisque quam turpis adipiscing lorem vitae mattis nibh ligula','Gradeigh Szymanek','DEPOSIT',6),(481,9433.22,451451.00,'2014-11-05 17:31:32','velit vivamus vel nulla eget eros elementum pellentesque quisque','Addie Farny','DEPOSIT',5),(482,2574.18,474065.00,'2016-10-21 05:08:23','in magna bibendum imperdiet nullam orci pede venenatis','Kile Heber','PAYMENT',3),(483,5701.28,458261.00,'2013-06-30 18:22:04','nonummy maecenas tincidunt lacus','Rafa Iddens','DEPOSIT',6),(484,6379.82,135936.00,'2009-03-24 11:26:17','ut mauris eget massa tempor convallis nulla','Adam Magog','PAYMENT',7),(485,4260.60,463874.00,'2017-12-08 17:14:26','odio in hac habitasse','Stevy Axleby','PAYMENT',8),(486,3011.77,203136.00,'2018-05-25 16:31:56','ultrices aliquet maecenas leo odio','Henri Durker','DEPOSIT',1),(487,6629.59,311796.00,'2015-06-23 20:56:40','tempor turpis nec euismod scelerisque quam turpis adipiscing','Cass Messitt','DEPOSIT',3),(488,7797.81,212398.00,'2018-11-26 17:46:47','proin leo odio porttitor id consequat in consequat','Hedvige Roos','DEPOSIT',7),(489,5674.24,60124.00,'2013-08-27 14:30:59','massa donec dapibus duis','Mella Avraham','DEPOSIT',1),(490,9095.52,32016.00,'2010-10-18 08:02:47','at feugiat non pretium quis lectus suspendisse potenti in eleifend','Filmore Wildey','PAYMENT',8),(491,9488.09,75751.00,'2019-05-06 15:14:13','donec diam neque vestibulum','Domingo Louys','PAYMENT',1),(492,5554.85,278907.00,'2018-06-05 07:32:58','diam vitae quam suspendisse potenti','Vera Chatto','PAYMENT',8),(493,906.60,227479.00,'2012-03-02 07:20:46','nulla suscipit ligula in lacus curabitur at ipsum ac','Blane O\'Henehan','PAYMENT',6),(494,3397.10,43489.00,'2013-12-26 01:57:17','justo sit amet sapien dignissim vestibulum','Dulcie Spottswood','DEPOSIT',3),(495,3581.84,220054.00,'2015-03-31 20:42:16','ultrices phasellus id sapien','Imojean De Ath','DEPOSIT',3),(496,2574.18,475745.00,'2012-06-29 22:54:35','in hac habitasse platea dictumst etiam faucibus cursus','Israel Spottiswood','DEPOSIT',1),(497,8158.52,225881.00,'2016-11-08 01:51:47','id pretium iaculis diam erat fermentum justo','Mella Farebrother','DEPOSIT',7),(498,2395.85,369320.00,'2016-01-09 20:03:59','ultrices posuere cubilia curae','Paulo Caveney','PAYMENT',7),(499,2751.30,42201.00,'2009-01-01 04:26:11','in congue etiam justo etiam pretium iaculis','Drugi Candy','PAYMENT',5),(500,4301.43,39050.00,'2017-07-22 18:59:27','mus vivamus vestibulum','Laina Campione','PAYMENT',7),(501,9630.38,363875.00,'2016-07-26 11:25:46','cubilia curae duis faucibus','Arley Roxburch','DEPOSIT',3),(502,8350.33,57903.00,'2009-05-05 04:01:20','praesent lectus vestibulum quam','Ana Blonfield','PAYMENT',7),(503,3521.89,375216.00,'2015-11-20 00:02:38','neque libero convallis eget eleifend luctus ultricies eu','Kahaleel Noads','DEPOSIT',6),(504,744.49,267357.00,'2010-06-27 21:52:39','sodales scelerisque mauris sit amet eros suspendisse accumsan','Torrie Mattheeuw','DEPOSIT',2),(505,9530.83,347833.00,'2010-04-24 13:32:43','ipsum praesent blandit lacinia erat vestibulum sed','Guy Wessel','DEPOSIT',8),(506,487.57,175141.00,'2009-12-06 18:06:34','nam congue risus semper porta volutpat quam pede lobortis ligula','Christel Vokins','PAYMENT',7),(507,2196.62,92081.00,'2010-07-17 17:38:10','suscipit a feugiat et eros vestibulum ac est lacinia nisi','Meggy Axten','PAYMENT',3),(508,5105.74,273630.00,'2016-12-02 20:12:07','sed ante vivamus tortor duis mattis egestas metus aenean','Carlene Riccio','PAYMENT',8),(509,7357.61,361295.00,'2019-02-04 15:52:38','ultrices posuere cubilia curae mauris viverra diam vitae','Dael Oliver','PAYMENT',8),(510,7419.74,45881.00,'2013-09-29 00:37:29','ut tellus nulla ut erat id mauris vulputate elementum nullam','Christean Rosenthal','DEPOSIT',7),(511,2211.24,320778.00,'2018-12-25 21:02:04','turpis adipiscing lorem vitae mattis nibh ligula nec sem','Crystie Pendlenton','DEPOSIT',6),(512,3763.12,342353.00,'2018-05-12 12:57:22','dignissim vestibulum vestibulum','Weylin Mosdall','PAYMENT',2),(513,1707.75,496131.00,'2010-09-15 03:37:26','lacus morbi quis','Nikita Gallen','PAYMENT',5),(514,1412.76,130083.00,'2014-10-19 06:15:38','ac tellus semper interdum mauris ullamcorper purus sit amet','Karlen Twell','DEPOSIT',3),(515,2948.85,88390.00,'2013-11-15 03:19:18','vel pede morbi porttitor lorem id ligula suspendisse','Gertrud Cowp','PAYMENT',1),(516,2287.98,289499.00,'2011-10-12 21:19:55','non interdum in ante','Nehemiah Ellesworthe','PAYMENT',1),(517,3504.25,415516.00,'2010-09-11 14:52:32','quam pede lobortis ligula sit amet','Waldon Scudders','PAYMENT',6),(518,7322.88,238970.00,'2018-07-12 19:42:06','quam pede lobortis ligula sit','Beck Renwick','PAYMENT',1),(519,2884.52,47280.00,'2012-04-11 15:37:02','duis consequat dui nec nisi','Sky McSkeagan','PAYMENT',6),(520,570.13,382738.00,'2011-08-17 18:10:15','massa quis augue luctus tincidunt nulla mollis','Sophie Trevorrow','DEPOSIT',6),(521,9871.60,18110.00,'2013-10-05 12:44:37','mauris sit amet','Gian Kubu','DEPOSIT',2),(522,5162.97,366837.00,'2017-09-03 01:46:59','habitasse platea dictumst maecenas ut massa','Lillian Stanners','DEPOSIT',5),(523,497.13,27662.00,'2015-07-13 03:11:33','sapien ut nunc vestibulum ante ipsum','Pansie Smalley','PAYMENT',3),(524,4116.12,142475.00,'2011-11-08 09:20:51','at lorem integer','Fidela Snarr','PAYMENT',2),(525,7512.46,453557.00,'2011-11-20 22:43:07','quam nec dui luctus rutrum nulla tellus in','Luciano Englishby','DEPOSIT',3),(526,4500.50,332611.00,'2017-03-04 20:38:10','aliquet pulvinar sed nisl nunc rhoncus','Timotheus Coombes','DEPOSIT',3),(527,1843.82,108775.00,'2017-01-29 13:26:23','magna at nunc commodo placerat praesent blandit nam nulla','Codie Dunsmuir','PAYMENT',6),(528,1218.40,352484.00,'2016-05-05 10:09:50','a odio in hac habitasse platea dictumst maecenas ut','Riannon Marshall','PAYMENT',3),(529,9063.55,415534.00,'2008-05-25 02:15:34','turpis nec euismod scelerisque quam turpis adipiscing lorem','Norma Lines','PAYMENT',1),(530,1226.40,103873.00,'2010-10-14 02:47:21','faucibus orci luctus et ultrices posuere cubilia','Fianna Wormald','PAYMENT',2),(531,4905.86,360194.00,'2015-03-20 22:23:52','magna vulputate luctus cum sociis natoque penatibus et','Bobbie McRorie','PAYMENT',3),(532,4836.80,447558.00,'2010-12-17 22:24:22','in tempus sit amet','Hilario O\' Mullane','PAYMENT',6),(533,1956.28,276667.00,'2018-02-02 19:32:52','vehicula condimentum curabitur in libero ut massa','Charyl Abad','PAYMENT',1),(534,7278.51,183132.00,'2012-08-18 17:41:08','lobortis vel dapibus at diam nam tristique tortor','Isaak Cruddas','PAYMENT',7),(535,8887.25,427739.00,'2018-02-14 02:31:08','mattis pulvinar nulla pede ullamcorper augue a suscipit nulla','Emmott Mathivet','DEPOSIT',8),(536,7366.15,323396.00,'2011-02-21 09:38:31','eros viverra eget congue eget semper rutrum nulla nunc purus','Steffi Mowbray','DEPOSIT',8),(537,1239.75,362053.00,'2015-02-07 09:12:54','ligula nec sem duis aliquam convallis nunc proin','Gino Hartrick','PAYMENT',2),(538,7778.13,217003.00,'2016-11-10 19:39:50','eget orci vehicula condimentum curabitur in libero','Clint Gehringer','PAYMENT',7),(539,9988.08,470350.00,'2012-04-10 07:57:26','ultrices vel augue vestibulum ante ipsum primis in faucibus orci','Claudine Taggett','PAYMENT',7),(540,5721.68,222352.00,'2014-08-06 16:50:57','vestibulum rutrum rutrum neque','Hurleigh Crosskill','PAYMENT',2),(541,1212.11,84066.00,'2011-07-25 06:26:08','a libero nam dui proin','Tomi Hillock','PAYMENT',5),(542,1763.42,336160.00,'2018-08-31 11:27:51','erat curabitur gravida nisi','Nadine Groundwater','PAYMENT',3),(543,1776.69,179946.00,'2011-10-05 01:50:24','vulputate elementum nullam varius nulla facilisi cras','Alissa Frossell','PAYMENT',1),(544,7221.53,101259.00,'2015-02-11 13:01:33','sodales sed tincidunt eu felis fusce','Stewart Pettyfar','PAYMENT',5),(545,9481.09,215871.00,'2017-01-18 08:14:10','libero rutrum ac lobortis vel dapibus at diam nam','Gherardo Iliff','DEPOSIT',3),(546,1354.06,332651.00,'2014-03-17 10:32:36','augue luctus tincidunt nulla mollis molestie lorem quisque','Jania Haking','DEPOSIT',7),(547,9936.76,323205.00,'2009-10-10 23:30:53','est lacinia nisi venenatis tristique fusce congue diam id ornare','Rinaldo Greber','DEPOSIT',7),(548,6864.15,179873.00,'2015-03-31 15:48:56','dapibus dolor vel est donec odio justo sollicitudin ut','Yalonda Draaisma','PAYMENT',7),(549,5144.96,423266.00,'2014-10-05 11:24:36','quam sapien varius ut blandit non interdum','Loutitia Dobbins','PAYMENT',6),(550,6383.87,348679.00,'2016-01-26 06:20:09','in faucibus orci luctus et ultrices posuere cubilia curae','Hulda Eleshenar','PAYMENT',7),(551,276.73,247504.00,'2015-08-24 06:36:59','consequat in consequat ut','Mariann Divina','DEPOSIT',1),(552,2763.21,40601.00,'2010-08-29 12:22:25','morbi odio odio elementum eu interdum eu tincidunt','Hamilton McLay','PAYMENT',6),(553,442.10,417608.00,'2014-05-30 14:07:13','nec molestie sed justo','Rouvin Paula','PAYMENT',3),(554,940.03,91386.00,'2017-02-08 01:03:43','semper sapien a libero nam dui','Elnora Edmott','DEPOSIT',7),(555,1839.61,230360.00,'2011-10-31 09:03:15','mus etiam vel augue','Wolfgang Wailes','DEPOSIT',1),(556,7776.79,409902.00,'2013-03-01 13:47:44','cum sociis natoque penatibus et magnis dis parturient montes nascetur','Jessica Powter','PAYMENT',5),(557,2243.40,413443.00,'2011-06-06 03:24:49','ut nunc vestibulum ante ipsum primis','Stevena Croose','DEPOSIT',5),(558,135.30,128355.00,'2016-03-07 17:20:38','donec vitae nisi nam ultrices libero','Tommie Newhouse','PAYMENT',3),(559,7270.86,181425.00,'2009-10-03 17:19:48','pellentesque at nulla suspendisse potenti cras in purus eu magna','Bud Kearey','DEPOSIT',1),(560,169.67,204790.00,'2018-08-26 04:42:19','volutpat sapien arcu sed augue aliquam erat volutpat in','Idalia Ferrieroi','PAYMENT',8),(561,7886.54,361065.00,'2019-02-03 18:27:24','sit amet eleifend pede libero quis','Trent Bassano','DEPOSIT',3),(562,6119.60,389118.00,'2011-09-12 23:14:16','quam nec dui luctus rutrum','Silvester Stukings','DEPOSIT',8),(563,5603.69,243164.00,'2016-04-10 23:04:14','blandit ultrices enim lorem ipsum dolor sit amet consectetuer','Candis Adam','PAYMENT',8),(564,5051.23,128027.00,'2016-06-05 10:53:19','purus eu magna vulputate luctus cum','Dal Gonning','DEPOSIT',3),(565,243.94,183067.00,'2013-02-20 18:14:06','amet eros suspendisse accumsan tortor quis turpis sed','Amos Sherborn','PAYMENT',8),(566,9821.82,11750.00,'2017-06-13 23:38:18','felis sed lacus morbi','Silas Connal','DEPOSIT',7),(567,4178.79,241062.00,'2017-04-06 00:42:29','cubilia curae nulla dapibus dolor vel est donec odio justo','Byrann Glaister','DEPOSIT',5),(568,3624.76,296212.00,'2018-09-08 06:30:36','id sapien in sapien','Quinn Veltman','DEPOSIT',6),(569,8839.14,326561.00,'2008-06-19 20:49:39','lectus in est risus auctor sed tristique','Norri Oldis','DEPOSIT',2),(570,7639.54,148423.00,'2019-01-13 16:41:24','tempor convallis nulla neque libero convallis eget eleifend','Sibylle Lloyd-Williams','PAYMENT',6),(571,9879.37,434870.00,'2016-12-17 19:09:52','nullam molestie nibh in lectus pellentesque at nulla','Ervin Haukey','DEPOSIT',5),(572,7513.10,486137.00,'2014-11-23 05:36:02','elementum pellentesque quisque porta volutpat erat','Nicol Melarkey','PAYMENT',6),(573,2735.60,465747.00,'2013-12-23 03:44:17','magna ac consequat','Meredeth Stearndale','PAYMENT',2),(574,3754.25,161678.00,'2015-10-05 18:11:15','morbi porttitor lorem id ligula','Emilia Poytheras','PAYMENT',2),(575,4137.58,398293.00,'2009-10-03 00:51:31','ipsum dolor sit amet consectetuer adipiscing elit proin interdum mauris','Danny Martinelli','PAYMENT',6),(576,1587.24,430041.00,'2017-02-06 19:12:21','sem mauris laoreet ut rhoncus aliquet pulvinar sed','Arleyne Jurczik','DEPOSIT',1),(577,2622.91,341120.00,'2012-05-18 08:39:32','congue elementum in hac','Ruthanne Moppett','PAYMENT',3),(578,2492.10,281009.00,'2018-03-28 11:05:49','odio elementum eu interdum eu tincidunt in leo maecenas pulvinar','Marcelia MacGilpatrick','PAYMENT',2),(579,3831.60,240541.00,'2016-12-24 22:33:33','convallis morbi odio odio elementum eu','Cacilia Ridulfo','PAYMENT',7),(580,3721.05,262487.00,'2009-12-23 12:05:08','proin leo odio porttitor id consequat in','Corilla Lea','DEPOSIT',5),(581,7890.45,461373.00,'2019-04-14 09:01:39','dapibus nulla suscipit ligula in lacus','Dayna Stallwood','DEPOSIT',7),(582,897.53,131232.00,'2009-09-05 15:59:34','nam dui proin','Jenna Shapira','DEPOSIT',6),(583,3127.90,226669.00,'2018-10-26 21:21:36','primis in faucibus orci luctus et ultrices posuere cubilia curae','Bart Scandrick','PAYMENT',1),(584,2177.77,70840.00,'2014-05-11 22:25:47','et ultrices posuere cubilia curae nulla dapibus dolor','Earl Winmill','PAYMENT',3),(585,6528.45,329462.00,'2017-08-16 06:48:51','accumsan tellus nisi eu orci mauris lacinia','Clemmie Hurran','DEPOSIT',3),(586,222.82,160393.00,'2015-04-04 02:47:19','sit amet lobortis sapien sapien non','Tatiana Purdon','PAYMENT',1),(587,8060.40,405120.00,'2011-01-27 18:07:51','convallis duis consequat dui nec nisi volutpat eleifend','Berty Garlett','PAYMENT',3),(588,9472.72,467220.00,'2012-09-01 19:16:44','dui maecenas tristique','Paxton Veale','PAYMENT',1),(589,5453.46,84615.00,'2018-11-16 22:34:49','phasellus in felis donec semper sapien a libero nam','Renie Barbera','PAYMENT',5),(590,4072.86,54722.00,'2018-06-06 04:50:46','magna vestibulum aliquet ultrices erat tortor sollicitudin','Quincy Vasyunin','DEPOSIT',7),(591,9949.82,298756.00,'2016-10-25 12:24:57','metus vitae ipsum aliquam non mauris morbi','Marietta Hutson','PAYMENT',6),(592,9283.20,294858.00,'2016-08-04 14:01:11','auctor gravida sem praesent id massa id nisl','Sullivan Skains','DEPOSIT',7),(593,5514.45,115468.00,'2009-01-30 02:11:10','faucibus orci luctus et ultrices posuere cubilia','Damara Geck','PAYMENT',3),(594,8882.50,282781.00,'2011-07-26 22:52:09','nullam orci pede venenatis non sodales sed tincidunt','Waite Wallage','DEPOSIT',8),(595,2497.62,304320.00,'2013-12-25 01:07:38','id luctus nec molestie sed justo','Tobe McCrachen','PAYMENT',8),(596,4356.69,491550.00,'2010-03-12 14:50:04','id pretium iaculis diam erat fermentum justo nec','Rosanne Braunton','PAYMENT',3),(597,7086.66,37453.00,'2017-08-12 23:49:13','magnis dis parturient','Ashleigh Jess','DEPOSIT',8),(598,5848.96,288446.00,'2017-11-05 14:46:54','posuere metus vitae ipsum aliquam non mauris morbi non lectus','Christophorus Lamboll','DEPOSIT',6),(599,997.00,473532.00,'2016-10-03 16:42:23','nulla pede ullamcorper augue','Giraldo Blow','DEPOSIT',5),(600,2762.09,301806.00,'2016-01-23 13:34:34','eu nibh quisque id justo','Ray Ciric','DEPOSIT',6),(601,1674.25,380018.00,'2016-06-10 04:04:01','vel pede morbi porttitor lorem','Nico Gier','DEPOSIT',2),(602,7056.48,126616.00,'2018-09-26 17:21:30','iaculis diam erat fermentum justo nec condimentum neque sapien','Davide Probbin','PAYMENT',6),(603,8779.72,318762.00,'2018-08-05 23:44:19','vel dapibus at diam nam tristique','Nelson Bohden','PAYMENT',5),(604,4511.88,48586.00,'2009-02-27 20:37:30','est risus auctor sed tristique','Teena Bracegirdle','PAYMENT',1),(605,3959.29,48586.00,'2013-03-05 21:13:46','natoque penatibus et','Lauralee Bruyntjes','DEPOSIT',5),(606,8212.85,439221.00,'2017-12-14 08:30:28','est quam pharetra magna ac consequat','Nevil Leach','DEPOSIT',1),(607,3822.94,382678.00,'2017-04-28 10:11:03','iaculis diam erat fermentum justo','Rikki Farren','PAYMENT',1),(608,1034.21,330489.00,'2017-01-05 01:54:18','luctus et ultrices posuere cubilia curae','Iseabal Ibotson','PAYMENT',6),(609,2240.73,24810.00,'2016-06-25 15:42:19','ut erat id mauris vulputate elementum nullam varius nulla','Eric Werner','PAYMENT',1),(610,7955.64,356823.00,'2016-12-22 03:41:13','dui luctus rutrum nulla tellus','Jannel Baxill','DEPOSIT',6),(611,762.98,380477.00,'2014-04-15 08:01:42','etiam pretium iaculis justo','Kessia Perrett','DEPOSIT',2),(612,2137.63,338972.00,'2010-08-21 00:44:06','bibendum morbi non quam nec dui luctus','Edee Knibbs','DEPOSIT',8),(613,9366.74,139132.00,'2009-10-25 07:30:04','eleifend luctus ultricies eu nibh quisque id justo sit','Eugenia Benka','DEPOSIT',6),(614,5037.43,183660.00,'2016-09-29 01:37:53','aenean fermentum donec ut','Collie Kopps','DEPOSIT',1),(615,4610.12,175741.00,'2017-01-29 04:45:29','consequat varius integer ac leo pellentesque ultrices mattis odio donec','Joe Chalfont','DEPOSIT',7),(616,4494.50,37408.00,'2012-09-14 19:19:58','at turpis a','Debbie Allaker','DEPOSIT',1),(617,1242.85,397140.00,'2013-12-03 20:39:01','pede justo lacinia eget tincidunt eget','Kettie Defries','PAYMENT',3),(618,4226.06,442951.00,'2009-04-17 16:37:21','enim lorem ipsum dolor sit amet','Estrellita Sapena','DEPOSIT',8),(619,4021.67,480681.00,'2009-03-10 04:45:56','varius nulla facilisi','Mitchael Elecum','DEPOSIT',1),(620,4791.41,35792.00,'2015-06-27 11:32:59','suspendisse ornare consequat lectus in est risus auctor sed tristique','Chlo Tippin','DEPOSIT',3),(621,4228.92,167834.00,'2010-10-16 08:31:58','feugiat non pretium','Avrit Wheway','DEPOSIT',8),(622,5018.56,272294.00,'2016-07-27 02:07:14','sociis natoque penatibus et magnis dis parturient montes nascetur ridiculus','Hanan Brendeke','DEPOSIT',2),(623,5676.52,147622.00,'2017-11-16 00:03:12','odio condimentum id luctus nec molestie sed justo pellentesque','Fernandina Brise','DEPOSIT',6),(624,4759.99,457702.00,'2017-05-31 03:16:41','orci mauris lacinia sapien quis libero','Rosalie Fradgley','DEPOSIT',7),(625,5439.95,340020.00,'2010-08-17 15:15:17','accumsan felis ut at dolor quis odio consequat varius','Helge Nuzzetti','PAYMENT',3),(626,7764.46,368897.00,'2013-04-02 14:35:56','ligula pellentesque ultrices phasellus id sapien in','Gregoire Wyldbore','DEPOSIT',8),(627,7530.12,57333.00,'2016-09-13 01:17:43','lacinia erat vestibulum sed magna at','Kandace Fuidge','PAYMENT',7),(628,1612.34,37609.00,'2015-12-09 10:10:48','vel augue vestibulum','Marna Hobbing','DEPOSIT',2),(629,178.93,151516.00,'2017-04-19 16:49:48','adipiscing elit proin risus praesent lectus vestibulum quam sapien varius','Kate Maleham','PAYMENT',8),(630,7183.74,157370.00,'2016-05-08 06:15:00','nisi at nibh in hac habitasse platea dictumst aliquam augue','Jedidiah Elliff','DEPOSIT',2),(631,6447.55,11927.00,'2018-02-18 04:15:22','in faucibus orci luctus et ultrices','Andria Goulbourne','PAYMENT',2),(632,8245.85,348092.00,'2015-12-07 15:30:31','nulla integer pede justo lacinia','Gratia Smellie','PAYMENT',5),(633,3146.05,156708.00,'2011-02-07 00:54:03','at velit vivamus vel','Carmen Pimlock','PAYMENT',1),(634,6554.80,426377.00,'2015-08-06 01:28:42','adipiscing elit proin interdum mauris non ligula pellentesque ultrices phasellus','Jobye Roj','PAYMENT',5),(635,7274.68,296008.00,'2015-04-08 13:32:46','donec diam neque vestibulum','Imelda Tejada','DEPOSIT',6),(636,6687.70,220763.00,'2017-08-25 14:53:55','nulla ut erat id','Ketti Chrispin','DEPOSIT',5),(637,9405.71,173354.00,'2012-11-13 02:41:45','turpis eget elit sodales scelerisque','Carolynn Nesterov','PAYMENT',1),(638,7294.00,33413.00,'2017-07-17 05:00:40','pretium iaculis justo in hac habitasse platea dictumst','Donavon Chadwick','PAYMENT',3),(639,3873.37,338806.00,'2019-01-22 01:52:08','sapien cum sociis natoque penatibus et magnis dis','Elisha Holdworth','PAYMENT',1),(640,3418.41,315483.00,'2014-12-02 10:39:15','urna pretium nisl ut volutpat','Alejoa Horbath','PAYMENT',6),(641,4129.62,81464.00,'2015-07-23 17:57:06','maecenas rhoncus aliquam lacus morbi quis tortor id','Marna Eichmann','PAYMENT',7),(642,2716.00,325712.00,'2019-03-29 05:47:55','amet eros suspendisse accumsan tortor quis turpis sed ante vivamus','Rutherford Collin','DEPOSIT',8),(643,4594.74,188233.00,'2019-02-08 23:15:50','convallis nunc proin at','Nerissa MacCaughan','PAYMENT',6),(644,1209.88,261729.00,'2013-07-27 10:52:31','ac nibh fusce lacus purus','Tammara Shadrach','PAYMENT',2),(645,6080.31,167806.00,'2009-05-14 20:00:22','in hac habitasse platea dictumst morbi vestibulum velit id','Nettie Gallanders','DEPOSIT',1),(646,1418.35,498838.00,'2013-10-31 07:23:17','pede ullamcorper augue a suscipit nulla elit ac nulla sed','Clarette Boddis','PAYMENT',1),(647,6619.42,470832.00,'2017-12-10 15:30:36','non velit donec diam neque vestibulum','Hugh McVaugh','PAYMENT',1),(648,9197.87,216212.00,'2012-03-31 06:28:54','in magna bibendum imperdiet nullam','Ethyl Woolland','PAYMENT',3),(649,951.08,292256.00,'2009-03-26 13:12:38','justo lacinia eget','Sebastiano Chetham','DEPOSIT',1),(650,3570.13,66519.00,'2010-06-02 09:03:22','semper sapien a libero nam dui proin','Jesse MacKibbon','PAYMENT',3),(651,3543.01,261578.00,'2013-02-12 10:10:37','id sapien in sapien iaculis congue vivamus metus','Ashil Aronstam','DEPOSIT',6),(652,5022.31,447266.00,'2009-09-24 11:07:13','arcu adipiscing molestie hendrerit at','Barde Beckenham','PAYMENT',7),(653,2464.43,303561.00,'2009-11-23 16:02:53','magnis dis parturient montes','Zaneta Lindeboom','PAYMENT',2),(654,8258.71,389226.00,'2009-09-01 13:50:56','venenatis tristique fusce congue diam','Rowney Darke','PAYMENT',7),(655,9192.37,125865.00,'2015-05-02 00:47:46','ornare imperdiet sapien urna pretium nisl ut volutpat sapien','Josias Sprigings','DEPOSIT',5),(656,6826.52,357887.00,'2012-02-02 14:54:10','tempus vel pede morbi','Merry Enright','DEPOSIT',1),(657,7057.77,138418.00,'2012-05-05 16:47:01','tristique est et tempus semper est','Cyndie Boshard','PAYMENT',6),(658,3434.19,401324.00,'2018-06-18 13:47:02','et ultrices posuere cubilia curae mauris viverra diam','Jolee Athowe','DEPOSIT',2),(659,5555.38,393078.00,'2014-01-20 04:59:45','dis parturient montes nascetur ridiculus mus etiam vel augue vestibulum','Lanie Sinderland','DEPOSIT',7),(660,6057.51,183358.00,'2017-07-03 12:34:07','parturient montes nascetur ridiculus mus','Oberon Dwire','DEPOSIT',3),(661,3657.44,271998.00,'2019-05-11 06:06:01','magna ac consequat','Lucius Beslier','PAYMENT',3),(662,6555.46,32162.00,'2014-04-19 07:35:57','interdum mauris ullamcorper purus sit amet nulla quisque arcu libero','Morgana Sinnock','PAYMENT',2),(663,2958.10,201656.00,'2015-01-04 09:01:50','sodales scelerisque mauris sit amet eros suspendisse','Gabriellia Sillars','PAYMENT',1),(664,3091.42,47853.00,'2010-04-01 06:15:38','pellentesque eget nunc donec','Mair McGifford','DEPOSIT',6),(665,4480.37,93916.00,'2014-04-09 20:03:34','enim sit amet nunc viverra dapibus nulla suscipit ligula','Konrad Colquyte','DEPOSIT',8),(666,230.67,246227.00,'2017-12-07 00:13:27','odio donec vitae nisi nam ultrices','Kurt Mistry','PAYMENT',5),(667,2343.58,63180.00,'2012-12-18 18:47:23','felis eu sapien cursus','Chico Robb','DEPOSIT',5),(668,3954.90,301661.00,'2017-02-03 00:15:40','in quis justo maecenas rhoncus aliquam lacus morbi','Giselle Pyburn','PAYMENT',7),(669,6281.12,160915.00,'2009-04-07 12:01:56','tempus vivamus in felis eu sapien cursus vestibulum','Cindra Faltskog','DEPOSIT',2),(670,473.99,24619.00,'2010-05-06 09:53:10','justo in blandit ultrices enim lorem ipsum dolor','Grete Eplate','DEPOSIT',6),(671,6601.03,264740.00,'2017-05-08 04:30:01','tincidunt lacus at velit','Godfry Bothen','PAYMENT',2),(672,2263.98,348297.00,'2019-01-25 10:22:51','id nulla ultrices aliquet maecenas leo odio condimentum id luctus','Merola Huckle','DEPOSIT',3),(673,5700.79,378008.00,'2013-09-12 06:45:52','leo pellentesque ultrices mattis odio donec vitae nisi nam ultrices','Maddy Burnand','PAYMENT',1),(674,6837.28,23255.00,'2009-07-23 05:23:59','euismod scelerisque quam turpis','Trixy Bleakman','PAYMENT',8),(675,2108.01,149871.00,'2009-06-17 03:32:13','ipsum primis in faucibus orci luctus et ultrices','Joelle Imort','PAYMENT',8),(676,4434.16,87138.00,'2014-05-11 05:54:59','cras mi pede malesuada in','Joshua Bellany','DEPOSIT',7),(677,1649.35,37968.00,'2011-12-25 07:59:18','in tempor turpis nec euismod scelerisque quam turpis adipiscing lorem','Kleon Craufurd','PAYMENT',2),(678,9637.26,234763.00,'2016-10-07 20:20:31','velit id pretium iaculis diam erat fermentum','Garrot Roubay','DEPOSIT',2),(679,1139.50,462413.00,'2016-07-23 01:46:50','neque sapien placerat ante nulla justo aliquam quis turpis eget','Rena Blenkiron','DEPOSIT',3),(680,7162.19,449370.00,'2018-05-17 10:28:16','vestibulum quam sapien varius ut blandit non interdum in','Sim Gutherson','DEPOSIT',6),(681,9282.70,222175.00,'2009-10-04 03:13:29','non quam nec dui','Lucas Dobey','DEPOSIT',1),(682,1847.08,285519.00,'2014-09-09 02:57:29','massa id lobortis','Nick Dowrey','PAYMENT',2),(683,1948.38,376036.00,'2008-10-12 09:26:50','tempor convallis nulla','Ida Stickney','PAYMENT',6),(684,6247.90,303944.00,'2018-03-13 21:27:25','blandit non interdum in','Skippie Fountain','PAYMENT',5),(685,2232.01,267230.00,'2014-09-11 04:30:49','ipsum primis in','Augustus Prattin','PAYMENT',3),(686,8914.42,439161.00,'2016-08-01 14:30:29','et ultrices posuere cubilia curae','Gerda Laite','PAYMENT',2),(687,1367.67,80169.00,'2016-06-26 20:14:08','cubilia curae nulla dapibus','Keane Hillen','PAYMENT',1),(688,3796.45,122832.00,'2012-08-01 04:01:17','eu nibh quisque id justo sit','Arleen Schankelborg','PAYMENT',2),(689,8873.85,248234.00,'2018-09-17 02:50:20','cras mi pede malesuada in imperdiet et commodo vulputate','Grazia Dyzart','DEPOSIT',1),(690,5430.93,258245.00,'2010-07-19 09:11:42','et eros vestibulum ac est lacinia nisi venenatis tristique','Claresta Schuster','PAYMENT',1),(691,1783.78,108587.00,'2017-02-23 16:16:24','vel accumsan tellus nisi eu orci mauris lacinia sapien quis','Berty Hawthorne','DEPOSIT',2),(692,8824.23,276535.00,'2015-10-14 04:28:18','ante ipsum primis in faucibus orci luctus','Albina Stonelake','DEPOSIT',2),(693,6528.10,416964.00,'2011-04-24 11:54:57','ipsum primis in faucibus orci luctus et ultrices posuere cubilia','Jorry Hellings','PAYMENT',5),(694,4828.96,59165.00,'2015-07-24 13:58:27','ac neque duis bibendum morbi','Matthus Guyet','PAYMENT',7),(695,4792.52,18413.00,'2013-08-31 16:27:31','pretium iaculis diam erat fermentum justo nec condimentum neque sapien','Biddy Scamerdine','PAYMENT',2),(696,188.24,461215.00,'2015-05-12 03:26:05','luctus ultricies eu nibh quisque id justo sit','Cybil Northey','PAYMENT',3),(697,2213.09,202700.00,'2017-03-04 12:20:27','nam dui proin leo','Denni Grattan','PAYMENT',3),(698,9086.28,17960.00,'2017-06-26 04:00:58','vestibulum ante ipsum primis in faucibus orci luctus et','Bernice Undrell','DEPOSIT',7),(699,2486.75,117924.00,'2011-08-04 17:28:20','ut massa quis','Sylvia Rosenfield','DEPOSIT',6),(700,8676.89,167623.00,'2015-04-06 12:30:56','dolor sit amet consectetuer adipiscing elit proin','Catha Kohnemann','PAYMENT',5),(701,8147.11,32183.00,'2016-08-08 05:30:05','bibendum morbi non quam nec dui luctus rutrum nulla tellus','Kacie Radmer','DEPOSIT',2),(702,4446.54,236504.00,'2019-04-30 22:45:01','quisque porta volutpat erat quisque erat eros viverra','Tawsha Risbrough','PAYMENT',8),(703,4881.39,202726.00,'2009-02-18 01:25:18','neque vestibulum eget vulputate ut','Charis Lowndsborough','PAYMENT',2),(704,768.04,185369.00,'2009-06-11 20:19:57','justo lacinia eget tincidunt eget tempus','Lucais Gordon','PAYMENT',3),(705,8738.71,328620.00,'2012-03-22 07:52:16','odio cras mi pede malesuada in','Antone Heatly','PAYMENT',1),(706,1917.73,67462.00,'2013-11-19 20:18:59','pulvinar lobortis est phasellus sit amet erat','Grace Forder','DEPOSIT',5),(707,4554.96,363311.00,'2018-02-02 02:37:02','penatibus et magnis dis parturient montes','Sioux Rivett','DEPOSIT',2),(708,8659.27,56262.00,'2019-05-05 05:32:22','morbi non quam nec dui luctus rutrum nulla','Wells Karlicek','PAYMENT',8),(709,3546.98,190969.00,'2013-09-14 07:17:38','sed augue aliquam erat volutpat in','Mervin Huggen','PAYMENT',3),(710,5394.40,40402.00,'2009-07-01 04:35:29','est et tempus semper est quam pharetra magna ac consequat','Rubi Frier','PAYMENT',3),(711,8248.65,459158.00,'2015-04-17 14:30:22','curae duis faucibus accumsan odio curabitur convallis duis','Sacha Eannetta','DEPOSIT',1),(712,6990.19,465725.00,'2011-01-13 15:02:37','eleifend quam a odio in hac habitasse platea','Jonathan Bathurst','PAYMENT',3),(713,6187.10,240147.00,'2016-11-26 01:08:37','nec condimentum neque sapien placerat ante nulla','Meris MacNaughton','PAYMENT',1),(714,9717.81,335583.00,'2014-03-21 07:06:15','sem praesent id massa','Darelle Drillot','DEPOSIT',6),(715,8155.41,481447.00,'2013-09-18 04:57:18','accumsan tellus nisi eu','Cally Snelling','PAYMENT',5),(716,193.77,384896.00,'2015-10-29 15:20:33','malesuada in imperdiet et commodo vulputate justo','Jillayne Crunden','DEPOSIT',6),(717,4461.08,471898.00,'2018-08-12 00:29:43','massa volutpat convallis','Amil Hatch','DEPOSIT',3),(718,1877.98,491682.00,'2018-04-22 02:12:33','in faucibus orci','Eleanora Sapir','DEPOSIT',5),(719,249.80,124357.00,'2016-05-02 14:57:57','id justo sit amet sapien dignissim vestibulum vestibulum ante','Moore MacRierie','DEPOSIT',5),(720,6643.11,457598.00,'2016-05-15 11:30:47','porttitor lorem id ligula suspendisse ornare','Garnet Valentin','PAYMENT',6),(721,6855.11,320456.00,'2012-10-07 18:36:28','volutpat dui maecenas','Maitilde Fatkin','DEPOSIT',2),(722,8433.94,440803.00,'2015-03-07 22:36:42','tincidunt ante vel ipsum praesent blandit lacinia','Kingsley Hellin','DEPOSIT',2),(723,9791.21,153111.00,'2011-05-23 07:34:38','risus semper porta','Kissie McClarence','DEPOSIT',2),(724,6839.85,93469.00,'2011-05-13 00:28:41','convallis tortor risus dapibus augue vel accumsan tellus nisi eu','Alameda MacFall','DEPOSIT',1),(725,1075.57,256732.00,'2018-01-02 01:40:08','sem duis aliquam convallis nunc proin at turpis a pede','Opal Jekyll','DEPOSIT',1),(726,7145.70,442933.00,'2010-12-01 12:44:39','risus praesent lectus vestibulum quam','Caritta Borrowman','PAYMENT',5),(727,1106.93,253753.00,'2010-01-06 17:37:49','porta volutpat quam pede','Cornelius Althrope','DEPOSIT',7),(728,5932.09,473893.00,'2015-04-25 21:06:19','rutrum rutrum neque aenean','Melisandra Stonebridge','PAYMENT',5),(729,8121.69,17362.00,'2008-08-18 13:31:19','in faucibus orci luctus et ultrices','Obediah Tomanek','PAYMENT',8),(730,2441.51,419190.00,'2014-05-24 02:40:40','risus semper porta volutpat quam pede lobortis ligula','Leonore Benes','DEPOSIT',3),(731,4354.07,58045.00,'2011-09-23 11:47:20','lectus suspendisse potenti in','Nerti Birds','PAYMENT',3),(732,1676.88,139856.00,'2010-07-01 01:15:55','nulla sed vel enim sit amet','Zitella Kytter','PAYMENT',8),(733,4056.38,164233.00,'2016-01-14 20:17:34','sit amet turpis elementum ligula','Christyna Tallis','PAYMENT',6),(734,958.61,321551.00,'2018-04-03 11:35:43','velit donec diam','Vernen Ivantsov','DEPOSIT',3),(735,2381.51,287571.00,'2008-12-13 20:10:51','in congue etiam justo','Raeann Boykett','PAYMENT',1),(736,3572.18,419712.00,'2013-05-29 03:11:44','pharetra magna vestibulum aliquet ultrices erat tortor','Cliff Repp','DEPOSIT',5),(737,5746.69,258344.00,'2012-11-01 10:54:12','condimentum curabitur in libero ut massa volutpat convallis','Rusty Rubinsohn','PAYMENT',7),(738,6859.85,223766.00,'2009-07-01 17:10:54','nisi venenatis tristique fusce congue diam id','Sapphire Lachaize','PAYMENT',2),(739,224.34,135398.00,'2011-04-03 20:19:31','habitasse platea dictumst maecenas ut massa quis augue luctus tincidunt','Ashly Toombes','PAYMENT',3),(740,605.56,191356.00,'2010-11-11 21:46:00','sapien placerat ante nulla','Shara Casillis','DEPOSIT',6),(741,8828.24,113476.00,'2009-02-07 10:02:52','libero convallis eget eleifend luctus','Danica Wadge','PAYMENT',1),(742,5717.37,385577.00,'2008-07-07 05:14:46','pede ac diam cras','Renard Mundall','DEPOSIT',2),(743,1480.08,13237.00,'2013-02-24 04:24:47','a odio in hac habitasse platea dictumst maecenas','Joelynn Oppery','PAYMENT',5),(744,2666.28,359756.00,'2014-09-04 16:06:20','consequat varius integer ac leo pellentesque ultrices','Chery Ziebart','DEPOSIT',6),(745,1538.80,415092.00,'2018-08-05 11:29:24','vestibulum ante ipsum primis in faucibus orci luctus','Elysha Frayling','PAYMENT',2),(746,9709.92,94166.00,'2013-02-14 05:57:43','consequat ut nulla sed accumsan felis ut at','Adore Dougal','DEPOSIT',8),(747,7555.33,418440.00,'2016-02-17 23:56:45','purus phasellus in felis','Farlay Lillicrop','DEPOSIT',3),(748,8017.66,147718.00,'2015-01-25 07:57:07','pellentesque quisque porta volutpat erat quisque erat eros','Davy Shillito','PAYMENT',8),(749,9965.80,197758.00,'2015-03-07 11:34:55','quis orci eget orci vehicula condimentum curabitur','Kellby O\' Molan','DEPOSIT',2),(750,4713.55,417324.00,'2008-10-13 21:04:41','massa tempor convallis nulla neque libero convallis eget eleifend luctus','Flo Geall','PAYMENT',6),(751,5995.75,123523.00,'2009-09-29 08:33:58','at ipsum ac tellus semper interdum mauris ullamcorper purus sit','Keary Iacobucci','DEPOSIT',8),(752,610.23,212482.00,'2018-07-30 02:37:20','aliquam sit amet diam in magna bibendum','Brandon Brightman','DEPOSIT',5),(753,281.76,202132.00,'2013-01-18 05:59:58','quam pede lobortis','Kare Saxby','DEPOSIT',2),(754,9749.40,248505.00,'2011-10-23 21:44:12','magnis dis parturient montes nascetur ridiculus mus vivamus vestibulum','Merralee Gainsboro','PAYMENT',6),(755,9906.32,341732.00,'2017-04-28 01:13:15','feugiat et eros vestibulum ac est lacinia nisi venenatis tristique','Bertrand Pinwill','PAYMENT',5),(756,3604.50,461437.00,'2018-09-22 00:54:51','justo eu massa donec dapibus duis at velit eu','Rick Dudmesh','DEPOSIT',3),(757,746.29,76689.00,'2018-12-09 05:43:14','non interdum in ante','Suki Woolen','DEPOSIT',6),(758,2300.74,77399.00,'2013-09-03 11:01:05','est congue elementum in hac habitasse platea dictumst','Elana Fairtlough','PAYMENT',3),(759,790.66,323649.00,'2011-09-28 14:00:16','vel sem sed','Bellina Southway','DEPOSIT',3),(760,1630.73,374690.00,'2015-10-28 11:25:21','tincidunt eu felis fusce','Claribel Lavarack','PAYMENT',6),(761,4385.27,120909.00,'2015-08-20 08:18:36','amet consectetuer adipiscing elit proin risus','Fay De Moreno','PAYMENT',6),(762,287.51,446653.00,'2012-02-16 22:51:57','sodales scelerisque mauris sit amet eros suspendisse','Debora Alban','PAYMENT',2),(763,1862.32,291644.00,'2017-06-04 11:50:51','odio donec vitae nisi nam ultrices libero non','Edgard Lafontaine','PAYMENT',3),(764,3587.31,431628.00,'2018-01-02 15:37:06','parturient montes nascetur ridiculus mus etiam vel augue vestibulum','Franklyn Whettleton','DEPOSIT',5),(765,1150.42,44075.00,'2012-04-27 11:34:39','amet sem fusce consequat','Mace Norcutt','DEPOSIT',8),(766,2526.63,356453.00,'2012-02-26 02:28:54','diam id ornare imperdiet sapien urna pretium nisl ut','Shae Upson','PAYMENT',5),(767,5404.41,108272.00,'2014-05-27 00:29:17','sapien urna pretium nisl ut volutpat sapien arcu sed augue','Tobiah Dungate','PAYMENT',8),(768,8220.15,71054.00,'2017-10-17 07:13:40','sapien ut nunc vestibulum ante ipsum primis in faucibus','Lyndsay Brasse','PAYMENT',8),(769,2169.54,314051.00,'2016-02-18 17:52:46','nec dui luctus rutrum nulla tellus in sagittis dui vel','Melli Fausset','PAYMENT',7),(770,7444.87,159105.00,'2011-01-18 10:42:21','lectus pellentesque at nulla suspendisse potenti cras in purus eu','Erroll Rosetti','DEPOSIT',2),(771,9739.78,330770.00,'2018-03-19 06:37:24','quis augue luctus tincidunt nulla mollis molestie lorem quisque ut','Asia Lidgey','DEPOSIT',2),(772,2916.73,11124.00,'2018-11-15 19:02:45','platea dictumst etiam faucibus','Farrel Brenneke','PAYMENT',1),(773,4941.90,447063.00,'2013-02-05 05:00:52','quam sapien varius ut','Angelina Hazelgreave','PAYMENT',1),(774,2099.94,158089.00,'2013-10-13 16:33:24','morbi non quam nec dui luctus rutrum','Perry McVittie','DEPOSIT',8),(775,8722.50,64471.00,'2018-09-09 00:11:07','sem fusce consequat nulla nisl nunc nisl','Kacy Berfoot','PAYMENT',5),(776,6739.73,159553.00,'2009-06-17 05:57:56','massa id nisl venenatis lacinia','Audy Cosin','DEPOSIT',3),(777,6881.78,168405.00,'2016-07-04 16:49:10','lectus pellentesque at nulla suspendisse potenti','Isobel Loyndon','PAYMENT',5),(778,7866.27,42084.00,'2010-02-21 23:49:42','id nulla ultrices aliquet maecenas leo odio','Doy Veljes','PAYMENT',5),(779,5387.89,260588.00,'2018-01-07 04:37:34','lobortis convallis tortor risus','Beck Wiffill','DEPOSIT',3),(780,7485.73,409333.00,'2014-05-18 18:26:18','lectus in quam fringilla rhoncus mauris enim leo rhoncus','Maura Overshott','DEPOSIT',6),(781,5317.90,71034.00,'2012-03-28 23:26:05','nulla facilisi cras','Dwain Furmedge','DEPOSIT',5),(782,3851.40,429675.00,'2015-08-23 07:29:08','ut nulla sed accumsan felis','Cole Appleford','DEPOSIT',5),(783,3877.37,480531.00,'2015-12-15 10:39:58','id luctus nec molestie sed justo pellentesque viverra pede ac','Tait Holdforth','DEPOSIT',8),(784,2328.26,20075.00,'2014-06-23 05:58:48','interdum venenatis turpis enim blandit mi in','Gib Sorrell','PAYMENT',2),(785,7904.80,313564.00,'2011-03-02 10:30:13','at ipsum ac tellus semper interdum','Sydel McKinney','DEPOSIT',6),(786,8110.86,334437.00,'2015-11-26 09:02:23','turpis sed ante vivamus tortor duis mattis egestas','Rey Tear','PAYMENT',1),(787,9736.82,80027.00,'2015-08-10 06:13:41','vel augue vestibulum','Cyrillus Fotitt','DEPOSIT',3),(788,5230.13,325567.00,'2010-05-16 07:36:52','nibh ligula nec sem duis aliquam convallis nunc proin at','Asia Scritch','PAYMENT',3),(789,3338.80,99134.00,'2015-04-25 05:07:38','quisque arcu libero rutrum ac lobortis vel dapibus at diam','Forrester Saberton','PAYMENT',2),(790,4121.13,360502.00,'2018-12-23 16:39:29','et tempus semper est quam pharetra magna ac','Rudy Spragge','PAYMENT',3),(791,3468.82,93069.00,'2012-10-26 09:57:44','adipiscing lorem vitae mattis','Delaney Sword','DEPOSIT',3),(792,1501.33,59292.00,'2015-01-07 16:26:06','massa id lobortis convallis tortor risus dapibus','Vassili Oldmeadow','DEPOSIT',2),(793,1737.62,480426.00,'2008-05-26 01:16:32','vel nisl duis ac nibh fusce lacus purus aliquet at','Ricki Trayford','DEPOSIT',7),(794,8119.08,93162.00,'2011-11-17 12:45:13','accumsan tellus nisi eu orci mauris lacinia sapien quis libero','Davis Tyrer','DEPOSIT',7),(795,1414.22,348065.00,'2017-10-02 23:43:04','primis in faucibus orci luctus et ultrices posuere cubilia curae','Emelita De Freitas','PAYMENT',7),(796,8325.02,23897.00,'2011-11-15 10:50:29','nullam orci pede venenatis','Alvan Ratter','PAYMENT',5),(797,503.59,412673.00,'2013-09-11 14:01:28','sapien sapien non mi integer ac neque duis bibendum morbi','Gordan Lesaunier','PAYMENT',6),(798,3526.38,15793.00,'2009-07-12 05:29:49','rutrum rutrum neque aenean auctor gravida sem praesent','Lina De Pietri','DEPOSIT',1),(799,393.37,158269.00,'2014-05-27 01:35:12','orci pede venenatis non sodales sed tincidunt eu felis fusce','Robyn Kilpin','PAYMENT',8),(800,460.98,294840.00,'2018-09-25 16:34:56','nibh in quis justo maecenas rhoncus aliquam','Niel Lark','DEPOSIT',1),(801,5926.99,418608.00,'2014-03-26 12:33:55','mi nulla ac enim in tempor','Belicia Crock','PAYMENT',8),(802,3553.72,31300.00,'2011-01-01 16:10:38','dapibus augue vel accumsan tellus nisi eu orci mauris','Kimberlyn Addey','DEPOSIT',5),(803,5038.45,304757.00,'2011-12-22 23:01:17','lectus in est risus auctor sed tristique in tempus sit','Jaquelin Scarbarrow','DEPOSIT',7),(804,3794.58,300402.00,'2018-06-01 10:26:13','pede lobortis ligula sit amet eleifend pede libero quis orci','Gay Daintrey','PAYMENT',1),(805,3133.98,379304.00,'2013-09-12 06:32:52','eget eleifend luctus ultricies','Burch Angrove','PAYMENT',8),(806,2656.04,327241.00,'2015-06-02 08:22:54','ultrices erat tortor sollicitudin mi sit','Patsy Hallstone','PAYMENT',8),(807,7359.05,46933.00,'2009-07-30 19:50:23','magna bibendum imperdiet nullam orci pede venenatis non sodales','Egon Doody','PAYMENT',7),(808,8691.15,375888.00,'2011-09-26 09:35:52','ultrices vel augue vestibulum ante ipsum primis in','Darcee Madsen','PAYMENT',6),(809,1790.47,211153.00,'2011-03-12 18:17:26','lorem quisque ut erat','Neda Cracker','DEPOSIT',8),(810,6786.69,43167.00,'2010-11-01 04:37:13','justo sit amet sapien dignissim','Whitman Welldrake','PAYMENT',6),(811,1768.99,160927.00,'2008-10-25 04:28:32','justo morbi ut odio cras mi pede malesuada in','Ardath O\'Carran','PAYMENT',6),(812,9280.18,187457.00,'2017-10-11 00:44:33','luctus et ultrices posuere cubilia','Kalina Forsdicke','PAYMENT',2),(813,844.99,437095.00,'2014-10-23 05:12:44','posuere cubilia curae donec pharetra magna vestibulum','Jodie Phippard','PAYMENT',7),(814,5593.95,79620.00,'2017-02-09 06:06:42','turpis donec posuere metus vitae ipsum aliquam non mauris morbi','Madison McIlwain','PAYMENT',2),(815,3867.33,23337.00,'2017-09-27 10:05:29','ante vivamus tortor duis mattis egestas','Newton Stoyle','DEPOSIT',8),(816,9357.53,165387.00,'2010-03-08 13:27:03','in lectus pellentesque at nulla suspendisse potenti','Craggy Chadwell','DEPOSIT',8),(817,3705.46,366398.00,'2017-06-04 13:45:54','tortor duis mattis egestas metus aenean','Quintus Bussy','PAYMENT',3),(818,6927.90,147529.00,'2012-07-13 05:20:32','nulla quisque arcu libero','Papagena Karpov','DEPOSIT',1),(819,114.55,354966.00,'2014-09-07 07:40:04','quam a odio in hac habitasse platea dictumst maecenas','Ly Jeffcoate','DEPOSIT',7),(820,8539.51,137986.00,'2015-02-25 01:18:17','volutpat eleifend donec ut dolor morbi vel lectus in quam','Desmond Heinicke','PAYMENT',8),(821,8109.13,139910.00,'2011-06-06 08:01:25','massa tempor convallis','Baillie Ruddock','DEPOSIT',5),(822,187.96,367690.00,'2016-09-30 13:54:34','phasellus sit amet erat nulla tempus vivamus','Blanch Flye','DEPOSIT',1),(823,2960.88,381806.00,'2009-01-03 09:44:24','arcu libero rutrum ac','Buddy Behr','PAYMENT',6),(824,4701.38,427496.00,'2015-03-03 14:45:01','egestas metus aenean fermentum donec ut mauris','Sibby Ferrieri','DEPOSIT',8),(825,3658.99,141968.00,'2015-06-18 03:11:09','montes nascetur ridiculus mus etiam','Gerrilee Beards','PAYMENT',6),(826,8269.34,264170.00,'2015-03-30 17:13:30','malesuada in imperdiet et commodo vulputate justo in blandit','Harper Covington','PAYMENT',1),(827,7968.99,375106.00,'2010-02-05 07:11:03','odio cras mi pede malesuada in imperdiet et commodo vulputate','Guido Thickett','PAYMENT',8),(828,3241.50,133812.00,'2018-06-05 01:02:21','sed sagittis nam congue risus semper porta volutpat quam pede','Etheline Blenkensop','PAYMENT',6),(829,528.29,193236.00,'2016-11-18 02:58:37','sed nisl nunc rhoncus dui vel sem sed','Stillman Hellier','PAYMENT',6),(830,7556.44,278712.00,'2010-08-04 17:32:10','congue risus semper porta volutpat quam pede lobortis ligula sit','Olivie Gratton','PAYMENT',7),(831,4853.37,272169.00,'2013-11-04 04:31:03','ante ipsum primis in faucibus orci','Emelia Dinsell','PAYMENT',7),(832,342.12,304680.00,'2019-03-07 00:39:24','nunc rhoncus dui vel sem sed sagittis','Gus Pargetter','PAYMENT',1),(833,2628.98,15100.00,'2018-06-13 14:33:34','nulla tellus in sagittis dui vel nisl duis ac','Peggy Filgate','PAYMENT',8),(834,5046.40,56389.00,'2013-07-18 19:11:05','curabitur in libero ut massa volutpat convallis morbi odio odio','Melessa Marney','PAYMENT',2),(835,9105.91,467019.00,'2019-01-09 01:05:00','eleifend pede libero quis orci nullam','Aeriela Godsmark','DEPOSIT',6),(836,7792.34,193760.00,'2012-11-29 19:40:06','nec euismod scelerisque quam turpis adipiscing lorem vitae mattis nibh','Lindi Klimkovich','DEPOSIT',2),(837,4428.94,162550.00,'2019-01-08 04:45:37','scelerisque quam turpis adipiscing lorem vitae','Toma Dixsee','DEPOSIT',2),(838,9476.63,168864.00,'2017-02-18 14:46:58','erat fermentum justo nec condimentum neque sapien placerat ante','Lavinie Fierro','DEPOSIT',2),(839,4380.44,475306.00,'2008-09-17 02:06:21','vel ipsum praesent blandit lacinia erat vestibulum sed magna','Colver Greatbank','DEPOSIT',5),(840,3299.11,453624.00,'2008-12-27 13:44:22','sed nisl nunc rhoncus dui vel sem sed sagittis nam','Teodora Klimkov','DEPOSIT',6),(841,662.56,248676.00,'2008-06-13 02:19:41','porttitor pede justo eu massa donec','Waylin Singh','DEPOSIT',2),(842,4412.20,393084.00,'2013-08-25 22:21:19','aenean auctor gravida sem praesent id massa id','Kerwinn Scholes','PAYMENT',3),(843,3708.15,159801.00,'2010-01-05 18:33:32','morbi quis tortor id nulla ultrices aliquet maecenas leo','Michale McGuinness','PAYMENT',2),(844,3285.60,199817.00,'2014-02-18 13:34:58','nisi at nibh in hac habitasse platea','Keelia Peyzer','DEPOSIT',8),(845,9854.32,467448.00,'2010-06-30 06:15:59','vestibulum ante ipsum primis in faucibus','Harriett Charley','PAYMENT',5),(846,313.37,19036.00,'2009-12-05 05:41:55','augue vel accumsan tellus nisi eu','Mead De la Yglesia','PAYMENT',6),(847,1433.13,475481.00,'2012-11-24 02:02:52','est phasellus sit amet erat nulla tempus','Polly Gallemore','PAYMENT',8),(848,635.80,385933.00,'2012-01-04 13:21:43','rhoncus sed vestibulum sit amet cursus id','Willette Trulocke','DEPOSIT',8),(849,718.34,94488.00,'2016-09-20 15:50:55','justo etiam pretium iaculis justo in hac','Ezri Coupman','PAYMENT',3),(850,4722.76,193025.00,'2017-10-12 03:36:15','eget tincidunt eget tempus vel pede morbi porttitor','Ryun Tidbold','DEPOSIT',3),(851,9601.53,20036.00,'2018-02-16 12:17:55','cursus vestibulum proin eu mi nulla ac enim in','Desmund Storm','PAYMENT',3),(852,6916.07,216669.00,'2018-06-22 21:48:07','libero non mattis pulvinar nulla pede ullamcorper augue','Leroi Jikylls','PAYMENT',7),(853,6948.59,376899.00,'2017-03-04 19:52:31','integer pede justo lacinia eget','Anstice Deniset','PAYMENT',6),(854,886.62,103485.00,'2014-09-09 21:29:09','est risus auctor sed tristique in','Vivienne Otter','PAYMENT',7),(855,8306.55,223958.00,'2011-10-29 15:16:17','praesent blandit lacinia erat vestibulum sed magna at nunc','Doll Rundle','PAYMENT',6),(856,5017.78,288400.00,'2013-03-07 08:54:10','dignissim vestibulum vestibulum ante ipsum primis in','Linnet Swansborough','PAYMENT',6),(857,4859.27,206841.00,'2009-08-28 18:25:52','nunc donec quis','Barbi Marfell','DEPOSIT',6),(858,1860.43,118836.00,'2015-04-23 04:36:13','pellentesque viverra pede ac diam cras pellentesque','Lisha McBryde','DEPOSIT',8),(859,7080.87,128000.00,'2010-02-26 18:08:24','tristique fusce congue diam id ornare','Kingsley Castagneri','PAYMENT',8),(860,4837.50,448680.00,'2014-05-29 17:26:16','eu magna vulputate luctus cum sociis natoque penatibus et','Leticia Wahner','DEPOSIT',7),(861,3200.39,326986.00,'2011-11-16 19:53:35','amet lobortis sapien sapien','Emiline Vasyuchov','DEPOSIT',3),(862,193.35,322894.00,'2011-10-01 16:34:59','aliquet massa id lobortis convallis tortor risus dapibus augue','Ange Neising','PAYMENT',1),(863,340.27,166759.00,'2015-04-27 10:27:49','vivamus vel nulla eget eros elementum pellentesque','Loreen Bridgman','DEPOSIT',6),(864,2568.43,221842.00,'2018-12-05 18:09:30','sit amet diam in magna bibendum imperdiet nullam orci','Galvin Renney','DEPOSIT',5),(865,8227.31,121153.00,'2009-07-13 12:05:05','a suscipit nulla','Hasty Veld','PAYMENT',7),(866,6488.33,360040.00,'2016-03-22 11:51:45','hac habitasse platea dictumst maecenas','Evelin Smees','PAYMENT',8),(867,1700.35,291447.00,'2012-09-05 22:51:25','feugiat non pretium quis lectus suspendisse potenti in eleifend quam','Cecilio Gettone','PAYMENT',2),(868,4810.43,342596.00,'2010-06-12 18:13:21','parturient montes nascetur ridiculus mus etiam','Jarib Gatehouse','PAYMENT',7),(869,4484.59,262585.00,'2010-11-20 10:57:51','faucibus cursus urna ut tellus nulla ut erat','Caty Shilleto','PAYMENT',3),(870,5480.55,454232.00,'2015-12-16 00:51:15','arcu sed augue aliquam erat volutpat in congue etiam justo','Maxie Cecere','DEPOSIT',1),(871,3265.07,48473.00,'2016-03-17 12:28:08','laoreet ut rhoncus aliquet pulvinar sed nisl nunc rhoncus dui','Iggie Boundy','DEPOSIT',8),(872,6913.99,318652.00,'2009-07-03 12:11:47','neque libero convallis eget eleifend','Ike Gladden','PAYMENT',5),(873,880.05,105083.00,'2017-08-23 05:50:31','nulla ut erat id mauris vulputate elementum nullam varius','Elisabet Eddisforth','DEPOSIT',7),(874,7697.36,40836.00,'2009-11-10 14:45:35','curabitur gravida nisi at nibh in hac habitasse','Winna Micheu','PAYMENT',8),(875,5608.35,89907.00,'2011-09-18 04:45:55','sed vestibulum sit amet cursus id turpis integer aliquet massa','Dane Ezzle','PAYMENT',5),(876,9166.05,121473.00,'2017-07-14 20:25:22','gravida nisi at nibh in hac habitasse platea','Brooks Cranmer','DEPOSIT',3),(877,3041.02,214077.00,'2016-04-11 20:53:41','odio justo sollicitudin ut suscipit a feugiat et','Meryl Merring','DEPOSIT',5),(878,630.54,357079.00,'2018-04-04 22:10:11','imperdiet nullam orci pede venenatis non sodales sed tincidunt eu','Elene Arthy','PAYMENT',7),(879,3285.55,300954.00,'2010-02-10 09:20:58','ante vel ipsum praesent blandit lacinia erat vestibulum sed magna','Edwina Gerling','DEPOSIT',6),(880,7915.83,453248.00,'2016-11-06 17:24:50','lacinia nisi venenatis tristique','Kiel Powder','DEPOSIT',5),(881,4212.90,364844.00,'2015-02-03 13:15:09','nunc nisl duis bibendum','Florentia Bailiss','DEPOSIT',8),(882,7063.08,47921.00,'2010-01-16 03:05:27','faucibus orci luctus et ultrices posuere cubilia curae duis faucibus','Collette Warby','DEPOSIT',3),(883,2749.62,278191.00,'2011-06-22 15:49:29','augue vestibulum rutrum rutrum neque','Alys Bride','PAYMENT',2),(884,4694.19,329880.00,'2014-01-06 04:19:19','nulla tempus vivamus','Celene Ambrosi','PAYMENT',5),(885,7545.90,285552.00,'2013-11-16 06:37:22','sapien iaculis congue','Jimmy Levey','PAYMENT',2),(886,8906.81,145361.00,'2015-12-26 10:29:04','faucibus orci luctus et ultrices posuere cubilia curae duis faucibus','Yance Rousell','DEPOSIT',3),(887,3294.43,398828.00,'2009-08-23 06:39:40','interdum venenatis turpis enim blandit mi in porttitor pede','Tabatha Endley','DEPOSIT',1),(888,2790.70,404071.00,'2018-12-23 04:13:44','in faucibus orci luctus et ultrices posuere cubilia curae duis','Herbert Fleury','PAYMENT',3),(889,1124.25,165733.00,'2008-07-25 00:05:42','curabitur in libero ut massa volutpat','Jo-ann Rhodef','DEPOSIT',1),(890,8576.39,358197.00,'2009-01-29 01:42:05','porta volutpat erat quisque','Darby Lief','DEPOSIT',6),(891,3305.08,486566.00,'2014-11-04 02:04:36','quis justo maecenas rhoncus aliquam lacus morbi quis tortor','Guinna Flanaghan','PAYMENT',3),(892,5338.92,395066.00,'2010-11-18 11:03:30','in felis eu sapien cursus vestibulum','Michel Dovinson','PAYMENT',7),(893,2953.07,341635.00,'2012-05-23 17:56:06','risus praesent lectus vestibulum quam','Flinn Futcher','PAYMENT',6),(894,6443.38,65237.00,'2015-12-05 08:52:51','odio cras mi pede malesuada','Ryun Theunissen','PAYMENT',6),(895,6195.92,334515.00,'2012-06-06 09:49:27','vel sem sed sagittis nam congue','Cordey Perigoe','PAYMENT',3),(896,9531.49,45079.00,'2008-07-14 16:54:23','rutrum nulla nunc purus phasellus in felis donec','Amelita Rathe','DEPOSIT',1),(897,4010.76,181306.00,'2014-10-24 10:45:36','nisi volutpat eleifend donec ut dolor morbi vel lectus in','Bernhard Cooling','PAYMENT',2),(898,8462.14,10378.00,'2013-05-03 01:33:25','purus eu magna vulputate luctus cum sociis','Adria Reaveley','PAYMENT',1),(899,5461.40,196144.00,'2008-09-28 02:21:30','cubilia curae mauris viverra diam vitae quam suspendisse potenti nullam','Alice Berk','DEPOSIT',8),(900,5499.69,17935.00,'2017-08-10 04:00:01','ligula in lacus curabitur at ipsum ac tellus','Philippe Undrill','DEPOSIT',8),(901,6197.18,57480.00,'2017-04-08 16:28:25','tincidunt nulla mollis molestie','Lorenza Meates','PAYMENT',3),(902,8880.09,476537.00,'2011-06-16 16:39:49','sed vel enim sit amet nunc','Ansel Andreone','PAYMENT',2),(903,4502.33,374296.00,'2015-05-04 08:21:03','lectus vestibulum quam sapien varius ut blandit non','Rurik Cracknell','PAYMENT',3),(904,2670.95,293757.00,'2017-07-14 02:08:34','maecenas rhoncus aliquam lacus morbi quis tortor id','Barney McKinless','PAYMENT',3),(905,8349.96,154370.00,'2015-05-13 09:53:22','ut nulla sed accumsan felis','Edwina Yanukhin','PAYMENT',2),(906,6572.41,279141.00,'2016-01-13 11:01:57','dolor sit amet consectetuer','Liam Heggie','PAYMENT',6),(907,7628.50,287126.00,'2009-06-14 02:14:46','platea dictumst aliquam augue','Felicdad McKeown','PAYMENT',6),(908,9825.33,417784.00,'2016-03-13 22:35:46','amet cursus id turpis integer','Anett Gaitone','DEPOSIT',3),(909,1126.57,425788.00,'2008-10-03 19:38:21','turpis eget elit sodales scelerisque mauris','Daune Werlock','DEPOSIT',1),(910,9598.59,160154.00,'2008-07-25 15:36:34','rhoncus sed vestibulum sit amet cursus id','Eddie Graalmans','DEPOSIT',6),(911,7751.72,432507.00,'2015-08-26 05:22:51','rhoncus dui vel sem sed sagittis nam congue risus semper','Vicki Manicomb','PAYMENT',2),(912,808.52,100621.00,'2018-11-01 22:34:58','lorem integer tincidunt ante','Quillan Henkens','DEPOSIT',8),(913,5512.29,479728.00,'2018-05-08 07:53:15','ac leo pellentesque ultrices mattis','Alysia Dubble','PAYMENT',1),(914,2763.41,296427.00,'2015-09-23 05:41:50','curae duis faucibus accumsan odio curabitur','Valentia Down','DEPOSIT',5),(915,1545.22,10917.00,'2010-01-28 12:11:52','integer tincidunt ante vel ipsum praesent blandit lacinia erat','Gaspard Bryett','PAYMENT',3),(916,8311.04,453992.00,'2015-09-17 20:01:02','duis bibendum felis sed interdum','Samuele Boon','PAYMENT',1),(917,7796.25,337546.00,'2010-05-04 08:58:59','curae mauris viverra diam vitae quam','Arabella Gossling','PAYMENT',5),(918,3353.70,134018.00,'2009-06-05 04:58:05','tristique est et tempus','Keir Boyat','PAYMENT',7),(919,3916.43,152780.00,'2012-10-13 04:07:38','tellus nulla ut erat id','Ring Poundford','PAYMENT',2),(920,9170.69,472777.00,'2016-06-14 14:39:40','pellentesque ultrices mattis odio donec vitae nisi nam ultrices','Armin Leathart','DEPOSIT',3),(921,1681.54,98823.00,'2017-03-08 21:03:55','mus vivamus vestibulum sagittis','Laurie Ravillas','PAYMENT',2),(922,1360.92,158391.00,'2015-07-19 04:30:32','in faucibus orci luctus et ultrices posuere','Lawry Christaeas','PAYMENT',6),(923,9950.06,126312.00,'2018-08-05 00:16:44','luctus et ultrices posuere cubilia curae nulla dapibus dolor vel','Jamima Allbut','PAYMENT',8),(924,2011.70,227327.00,'2013-01-09 03:23:36','justo aliquam quis turpis eget','Laurena Balding','PAYMENT',5),(925,5555.96,271346.00,'2014-09-01 18:16:48','eros elementum pellentesque','Farley Verny','PAYMENT',5),(926,1006.03,301632.00,'2011-09-20 11:39:20','primis in faucibus orci luctus et ultrices posuere','Arte Douse','PAYMENT',6),(927,6602.89,121675.00,'2012-10-25 10:03:40','elementum nullam varius nulla facilisi cras','Wit Hawkeridge','DEPOSIT',7),(928,425.59,205667.00,'2013-08-04 14:44:48','venenatis non sodales sed tincidunt eu felis','Nadia Barnish','DEPOSIT',7),(929,4534.32,145241.00,'2012-01-23 18:33:56','in hac habitasse platea','Garland Gippes','DEPOSIT',7),(930,7014.71,226485.00,'2014-01-12 21:09:33','sed interdum venenatis turpis enim blandit mi in','Janeta Larrie','DEPOSIT',3),(931,2715.84,286109.00,'2014-04-19 20:16:46','diam in magna bibendum imperdiet nullam orci pede venenatis','Novelia Vials','PAYMENT',6),(932,6793.60,93525.00,'2013-03-10 03:38:59','eros elementum pellentesque quisque porta volutpat','Devland Recher','DEPOSIT',7),(933,2201.01,209892.00,'2016-01-03 05:49:01','rutrum at lorem integer tincidunt ante','Blake Goodreid','DEPOSIT',6),(934,4611.38,285067.00,'2009-04-06 21:40:44','sed nisl nunc rhoncus dui vel','Murial Benck','DEPOSIT',1),(935,3580.58,240297.00,'2014-03-06 11:03:01','quis orci nullam molestie nibh in lectus','Adelina Rean','PAYMENT',6),(936,5223.82,289074.00,'2015-10-16 17:45:01','in lacus curabitur at ipsum ac tellus semper','William Cordelle','PAYMENT',7),(937,1993.58,284098.00,'2009-08-26 23:56:35','mus etiam vel augue vestibulum rutrum rutrum neque','Ninnetta Girhard','DEPOSIT',1),(938,114.50,82668.00,'2015-11-16 13:05:55','aliquet ultrices erat tortor sollicitudin mi','Myrwyn Lavens','DEPOSIT',6),(939,9347.89,294567.00,'2019-04-10 05:18:52','faucibus cursus urna','Katherina Ambrosi','PAYMENT',7),(940,3485.94,416240.00,'2016-11-29 10:34:03','posuere felis sed lacus','Darby Georg','DEPOSIT',5),(941,4048.33,245673.00,'2016-05-31 13:14:15','diam id ornare imperdiet','Olimpia Codi','PAYMENT',8),(942,5449.91,412960.00,'2018-10-03 20:38:53','vitae ipsum aliquam non mauris','Dilan Hanniger','PAYMENT',2),(943,1953.26,418340.00,'2011-07-07 12:32:58','proin leo odio porttitor id consequat in','Isahella Cervantes','DEPOSIT',7),(944,7471.78,97659.00,'2018-06-17 22:05:43','consequat morbi a ipsum integer a nibh in quis justo','Augusta Kunze','PAYMENT',8),(945,2386.22,327230.00,'2009-05-08 02:10:45','ipsum dolor sit amet consectetuer adipiscing elit proin interdum mauris','Othelia McCarney','DEPOSIT',8),(946,2378.85,65166.00,'2015-10-18 09:04:15','ante vestibulum ante ipsum primis in faucibus orci luctus et','Mitchell Simpole','DEPOSIT',3),(947,747.93,219291.00,'2013-12-20 11:39:50','sit amet sem fusce consequat nulla nisl','Tann Wealleans','DEPOSIT',8),(948,8977.18,429732.00,'2010-10-23 10:10:58','lacus curabitur at ipsum','Josselyn Walaron','DEPOSIT',2),(949,5840.70,41462.00,'2008-12-28 19:44:54','aenean lectus pellentesque eget nunc donec quis orci eget','Carley Oldall','DEPOSIT',1),(950,6611.28,316902.00,'2017-05-23 23:00:25','justo morbi ut odio','Jeffry Sinkinson','DEPOSIT',6),(951,4620.52,111690.00,'2009-10-11 17:37:57','velit nec nisi vulputate nonummy maecenas tincidunt lacus at velit','Dasi Kleinbaum','DEPOSIT',2),(952,8212.40,456092.00,'2016-06-06 00:55:45','risus dapibus augue vel accumsan tellus nisi','Eberhard Adney','DEPOSIT',8),(953,9456.47,326900.00,'2016-10-21 15:58:27','felis eu sapien cursus vestibulum proin eu mi','Tad Hadley','DEPOSIT',1),(954,3874.13,180947.00,'2014-03-05 00:44:53','nisl duis bibendum felis sed interdum','Madel Janks','PAYMENT',3),(955,4945.00,272511.00,'2013-01-02 16:45:17','tortor risus dapibus augue vel accumsan tellus nisi','Verine Duckfield','DEPOSIT',5),(956,8334.96,328110.00,'2015-04-25 10:21:27','felis sed interdum venenatis turpis enim blandit','Quintilla Draysey','DEPOSIT',3),(957,8704.57,494958.00,'2019-04-19 15:52:16','ipsum aliquam non mauris morbi non lectus','Melisande MacArte','DEPOSIT',8),(958,4549.72,332273.00,'2011-12-29 01:26:19','dui luctus rutrum nulla tellus in sagittis dui vel','Tito Clemendot','PAYMENT',2),(959,4165.22,186967.00,'2015-07-24 23:18:48','ante ipsum primis in faucibus orci','Joni Billam','PAYMENT',2),(960,4718.92,225857.00,'2009-12-18 08:01:04','nec nisi vulputate nonummy maecenas','Edvard Schott','DEPOSIT',8),(961,7302.33,386686.00,'2015-04-18 02:24:27','neque vestibulum eget vulputate ut ultrices vel augue vestibulum','Nikos Swidenbank','DEPOSIT',2),(962,4294.29,190529.00,'2015-07-21 09:15:39','parturient montes nascetur ridiculus mus vivamus','Eden Shailer','PAYMENT',5),(963,5383.75,38260.00,'2019-02-14 23:47:14','et ultrices posuere','Kalina Hackelton','PAYMENT',2),(964,6317.81,284314.00,'2010-07-31 10:55:04','nunc commodo placerat praesent blandit','Tracie Sivil','DEPOSIT',5),(965,939.70,457259.00,'2014-04-23 15:27:23','vivamus metus arcu adipiscing molestie hendrerit at','Nicholas Scotter','PAYMENT',7),(966,100.19,76288.00,'2018-11-16 03:27:44','tellus nisi eu orci','Geordie McRonald','DEPOSIT',1),(967,3245.71,423567.00,'2014-10-22 18:53:06','cursus vestibulum proin eu mi nulla ac enim in','Rancell Cathro','PAYMENT',2),(968,9941.62,181436.00,'2013-10-08 11:09:19','aenean lectus pellentesque eget nunc donec quis orci eget','Pier Larcombe','DEPOSIT',5),(969,8653.25,339333.00,'2015-12-30 20:57:45','in porttitor pede justo eu massa donec','Rori De Simone','DEPOSIT',1),(970,5964.18,278250.00,'2017-10-20 20:57:02','scelerisque mauris sit amet eros suspendisse accumsan tortor quis','Garrot Trickey','DEPOSIT',2),(971,697.72,68231.00,'2009-01-10 16:38:30','phasellus sit amet erat nulla tempus vivamus in felis eu','Gare Slide','PAYMENT',5),(972,3208.63,47763.00,'2016-08-07 00:38:36','rutrum ac lobortis vel dapibus at diam nam tristique','Bette Spackman','DEPOSIT',3),(973,8747.92,423800.00,'2019-01-19 04:11:45','nulla neque libero convallis eget eleifend luctus ultricies eu','Andreas Jearum','PAYMENT',2),(974,773.08,398816.00,'2018-03-18 09:50:21','vehicula consequat morbi a ipsum','Daphne MacClinton','PAYMENT',7),(975,1995.30,110850.00,'2009-05-09 09:04:30','blandit mi in porttitor pede justo eu massa','Letta Broader','DEPOSIT',2),(976,7186.15,125109.00,'2015-12-09 23:08:53','nascetur ridiculus mus etiam vel augue','Ban Caseri','PAYMENT',1),(977,357.07,202104.00,'2014-09-30 22:42:22','risus dapibus augue vel accumsan tellus nisi eu orci','Dulcine Simonian','PAYMENT',5),(978,4760.27,494449.00,'2011-08-11 07:40:18','platea dictumst morbi vestibulum velit id pretium iaculis diam','Kristien Marlor','DEPOSIT',3),(979,1093.29,364862.00,'2009-04-10 21:19:24','aliquet pulvinar sed','Coletta Sorby','PAYMENT',2),(980,1249.69,146668.00,'2012-10-06 04:07:35','dolor vel est donec odio justo sollicitudin ut','Olly Joyson','DEPOSIT',6),(981,2525.09,138360.00,'2013-07-29 00:32:39','nullam molestie nibh in lectus pellentesque at','Benedicta Sahlstrom','DEPOSIT',5),(982,1471.67,40974.00,'2016-05-09 12:44:55','sed lacus morbi sem mauris','Shari Balsellie','PAYMENT',8),(983,5714.07,346186.00,'2016-04-03 16:36:06','sem praesent id massa id nisl venenatis lacinia aenean','Radcliffe Tremmil','PAYMENT',3),(984,2463.37,321069.00,'2008-12-19 07:02:12','ut massa quis augue luctus tincidunt nulla mollis molestie','Uriah Catlow','DEPOSIT',7),(985,6859.94,316324.00,'2017-02-13 15:14:49','in congue etiam justo etiam','Nataniel Cheson','PAYMENT',5),(986,2462.76,33570.00,'2012-10-23 17:52:59','hac habitasse platea','Dunc English','DEPOSIT',2),(987,9554.48,384797.00,'2015-04-15 10:49:03','amet justo morbi ut odio cras','Leontyne Seggie','DEPOSIT',1),(988,934.68,275827.00,'2019-01-26 03:54:56','in faucibus orci luctus et ultrices','Bradan Blaney','PAYMENT',8),(989,3825.39,97781.00,'2019-02-04 05:40:41','tellus in sagittis dui vel nisl duis','Abdul Soars','PAYMENT',1),(990,3514.30,294907.00,'2017-06-17 03:00:00','consectetuer adipiscing elit proin risus praesent lectus vestibulum quam','Alick Scherme','PAYMENT',2),(991,7801.35,92907.00,'2018-06-17 09:11:06','pulvinar sed nisl nunc','Robinet Finley','PAYMENT',6),(992,4879.96,179161.00,'2013-06-04 12:31:53','nisi volutpat eleifend donec ut dolor morbi','Kerr Pountain','PAYMENT',2),(993,5742.71,11006.00,'2011-12-03 11:27:47','quam sapien varius','Ruttger Catenot','DEPOSIT',6),(994,7114.43,173429.00,'2016-03-28 09:22:54','ipsum primis in faucibus orci','Konstance Maciak','DEPOSIT',5),(995,7710.61,387809.00,'2010-08-02 07:50:13','eu magna vulputate luctus cum','Sib Di Biasio','PAYMENT',6),(996,9403.24,378517.00,'2009-07-21 22:59:46','hac habitasse platea dictumst morbi vestibulum','Constantine Lamkin','PAYMENT',8),(997,2638.69,97779.00,'2014-05-13 18:06:17','ipsum primis in faucibus orci luctus','Letisha Solomon','DEPOSIT',3),(998,4681.40,392511.00,'2019-03-28 10:42:52','suspendisse ornare consequat','Malena Palister','DEPOSIT',5),(999,7871.00,206261.00,'2015-11-06 03:46:16','mauris enim leo rhoncus sed vestibulum sit amet cursus id','Coral Laxon','DEPOSIT',2),(1000,2170.96,432431.00,'2011-02-09 22:54:25','nibh in quis justo','Mala Hobbing','PAYMENT',3);
/*!40000 ALTER TABLE `transaction` ENABLE KEYS */;
UNLOCK TABLES;

--
-- Table structure for table `user`
--

DROP TABLE IF EXISTS `user`;
/*!40101 SET @saved_cs_client     = @@character_set_client */;
 SET character_set_client = utf8mb4 ;
CREATE TABLE `user` (
  `id` bigint(20) NOT NULL,
  `confirmPassword` varchar(255) DEFAULT NULL,
  `email` varchar(255) DEFAULT NULL,
  `name` varchar(255) DEFAULT NULL,
  `password` varchar(255) DEFAULT NULL,
  `role` varchar(255) DEFAULT NULL,
  PRIMARY KEY (`id`)
) ENGINE=InnoDB DEFAULT CHARSET=utf8mb4 COLLATE=utf8mb4_0900_ai_ci;
/*!40101 SET character_set_client = @saved_cs_client */;

--
-- Dumping data for table `user`
--

LOCK TABLES `user` WRITE;
/*!40000 ALTER TABLE `user` DISABLE KEYS */;
INSERT INTO `user` VALUES (1,'11111','trustee@gmail.com','Sang Sporer','11111','ADMIN'),(2,'1234','cbreawood1@ucoz.ru','Cher Breawood edited','1234','ADMIN'),(3,NULL,'hkennealy2@hao123.com','Hiram Kennealy','HVTdGm','DONOR'),(4,NULL,'msomersett3@ox.ac.uk','Mayer Somersett','I2K2eX','TRUSTEE'),(5,NULL,'lpirrey4@upenn.edu','Leo Pirrey','EaAXbjfaC4Hz','ADMIN'),(6,NULL,'fredmile5@gravatar.com','Farrah Redmile','ZAeCEsP2Sqr','ADMIN'),(7,NULL,'welcoate6@g.co','Welby Elcoate','LNODW2IEM','ADMIN'),(8,NULL,'jdyhouse7@exblog.jp','Jamison Dyhouse','cEnoeA5','DONOR'),(9,NULL,'tthomsson8@devhub.com','Tandie Thomsson','AklcAeEJmSA7','TRUSTEE'),(10,NULL,'rlairdcraig9@state.tx.us','Ricardo Laird-Craig','LISmem','ADMIN'),(11,NULL,'s@email.com','sang2','1234','ADMIN');
/*!40000 ALTER TABLE `user` ENABLE KEYS */;
UNLOCK TABLES;

--
-- Table structure for table `winner`
--

DROP TABLE IF EXISTS `winner`;
/*!40101 SET @saved_cs_client     = @@character_set_client */;
 SET character_set_client = utf8mb4 ;
CREATE TABLE `winner` (
  `id` bigint(20) NOT NULL,
  `name` varchar(255) DEFAULT NULL,
  `school` varchar(255) DEFAULT NULL,
  `year` datetime DEFAULT NULL,
  `scholarship_id` bigint(20) DEFAULT NULL,
  PRIMARY KEY (`id`),
  KEY `FKia2sop8h402ppo8q5y9nw6456` (`scholarship_id`),
  CONSTRAINT `FKia2sop8h402ppo8q5y9nw6456` FOREIGN KEY (`scholarship_id`) REFERENCES `scholarship` (`id`)
) ENGINE=InnoDB DEFAULT CHARSET=utf8mb4 COLLATE=utf8mb4_0900_ai_ci;
/*!40101 SET character_set_client = @saved_cs_client */;

--
-- Dumping data for table `winner`
--

LOCK TABLES `winner` WRITE;
/*!40000 ALTER TABLE `winner` DISABLE KEYS */;
INSERT INTO `winner` VALUES (2,'Florida Boston','Tokyo Gakugei University','2014-07-03 01:20:46',1),(3,'Libbi Parzizek','Universidade Tecnica de Lisboa','2012-11-07 20:32:49',9),(4,'Schuyler Aslam','Wheelock College','2016-11-17 08:12:31',4),(5,'Lance Revie','Fukushima Medical College','2016-04-11 21:08:56',7),(6,'Celesta Conradie','Seian University of Art & Design','2018-06-20 05:27:03',2),(7,'Olympia Spoors','Krol Gspr University of the Reformed Church','2014-01-28 20:24:46',5),(8,'Thibaud Wilcocks','Fachhochschule Stralsund','2017-08-06 03:21:00',4),(9,'Phelia Garratt','Universidad de Bologna - Representacin en Buenos Aires','2018-06-20 23:41:28',1),(10,'Nickolai Bownas','Kyushu Women\'s University','2017-03-25 12:20:46',5),(11,'Niki Ravens','University of Sargodha','2010-02-17 21:51:17',2),(12,'Shena Crame','Universidad Tecnolgica Metropolitana','2014-05-24 07:46:02',2),(13,'Lynn Atwood','University of Aden','2012-11-23 17:24:55',10),(14,'Callie Leggett','Belmont Abbey College','2014-11-28 14:30:58',2),(15,'Lissy Deller','Islamic University of Technology','2011-11-04 08:02:58',2),(16,'Dill Dyhouse','Celal Bayar University','2009-11-07 21:19:35',3),(17,'Leelah O\'Cannovane','Northwestern University In Qatar','2017-03-23 21:07:29',10),(18,'Patrick Candlish','University Politehnica of Bucharest','2013-05-28 14:18:26',9),(19,'Alvie Shelliday','Mongolian University of Science and Technology','2008-07-03 09:04:13',6),(20,'Tomi Paten','Universitas Mercu Buana','2010-01-29 02:41:48',3),(21,'Kalinda Forri','University of Art and Design Cluj-Napoca','2010-12-30 12:07:56',4),(22,'Midge Hefner','Lazarski School of Commerce and Law','2012-01-03 04:55:01',1),(23,'Jacqueline Raspin','Kyungsung University','2015-05-28 07:06:01',7),(24,'Con Cassely','George Wythe College','2018-08-14 23:14:52',2),(25,'Gusella Cutten','Dhaka International University','2016-10-03 21:03:06',8),(26,'Fredelia Greenlies','McMurry University','2014-09-11 09:31:03',1),(27,'Beverly Corrison','University of Michigan - Dearborn','2010-06-20 18:32:51',1),(28,'Hannis Leebetter','University of Lavasanat Pnu','2019-01-24 02:23:02',8),(29,'Mar Bartoli','Tomsk Polytechnic University','2016-05-19 20:00:17',2),(30,'Renaud Lewinton','St. Augustine International University','2014-12-04 18:13:51',3),(31,'Germain Thormann','Universitas Pelita Harapan','2018-04-09 11:34:45',6),(32,'Flora Lichfield','St. Andrews Presbyterian College','2011-08-02 12:42:11',8),(33,'Mona Tooker','Pacific International College','2016-01-19 00:58:02',10),(34,'Charles Laugharne','Free University of Tbilisi','2013-08-14 04:30:21',9),(35,'Brita Cregin','Maltepe University','2016-06-08 10:06:07',8),(36,'Byron Misselbrook','Centro Universitario Ciudad Vieja','2009-10-31 18:06:56',7),(37,'Francklyn Arpino','Lincoln University Missouri','2019-02-18 11:15:41',6),(38,'Tamas Melwall','Elizabethtown College','2018-06-20 07:23:40',6),(39,'Dwayne Thomel','Institut National Polytechnique de Grenoble','2009-08-04 13:13:09',3),(40,'Kali Hanson','Baker College of Port Huron','2011-05-23 19:03:07',1),(41,'Penni Fleming','University of Colombo','2010-04-25 22:13:19',7),(42,'Lutero Keymer','Assumption College','2011-09-14 22:58:14',8),(43,'Ulick Guidi','Regis College','2018-11-09 03:30:09',2),(44,'Cristin Meir','Crawford University ','2010-07-28 18:11:58',9),(45,'Suellen Wehden','Thomas A. Edison State College','2015-03-10 17:19:36',2),(46,'Dukey Baldrick','State University of New York College of Technology at Farmingdale','2015-09-01 13:20:13',3),(47,'Brent Allett','College of the Rockies','2017-08-23 05:30:12',9),(48,'Elke Hanley','University of Grigol Robakidze','2014-10-20 15:22:03',9),(49,'Saudra Kencott','Mzumbe University (Chuo Kikuu Mzumbe)','2016-02-02 19:14:05',4),(50,'Nertie Crennell','Tianjin Medical University','2017-10-13 17:04:20',5),(51,'Roselia Fredi','Prince Sultan College for Tourism and Hotel Scinces','2015-03-31 16:42:44',6),(52,'Luca Attaway','Universiti Malaysia Kelantan','2011-05-01 00:53:23',5),(53,'Janel O\'Grada','Shahrekord University','2019-04-22 12:28:28',4),(54,'Hewet Worrall','Delta University','2010-02-27 08:16:37',10),(55,'Hailee Keneforde','Kuwait University','2013-10-06 16:27:55',9),(56,'Paulie Trebble','Cubidor University Switzerland','2018-01-01 09:14:38',3),(57,'Patsy Shephard','Ecole Nationale Vtrinaire de Lyon','2008-03-23 23:38:00',3),(58,'Bent Eddow','Stonehill College','2011-04-22 23:55:29',8),(59,'Paquito Bottini','Universidad Norbert Wiener','2011-11-19 02:21:15',10),(60,'Virgie Parlor','Thomas More College of Liberal Arts','2018-12-20 12:06:19',1),(61,'Haily Tythacott','Yokohama College of Commerce','2015-07-24 12:26:16',6),(62,'Hillie Ferrettino','Pittsburg State University','2015-06-26 15:50:52',10),(63,'Brear Szymon','Ling Tung University','2019-01-29 22:31:28',2),(64,'Michele Chandler','Universitas Wisnuwardhana','2012-07-23 17:59:51',5),(65,'Elsi Mattis','Selangor Islamic University College','2008-04-08 05:34:23',9),(66,'Anna Perrottet','Ilsa Independent College','2015-06-02 18:55:11',3),(67,'Leilah Devenish','Escuela Colombiana de Ingeniera Julio Garavito','2018-09-07 23:45:35',2),(68,'Laural Goaks','Rostov State University','2017-08-27 10:43:23',2),(69,'Nathanil Spira','Herat University','2018-08-11 23:52:39',8),(70,'Rochelle Trythall',' Technological University (Yangon)','2009-08-05 18:47:44',2),(71,'Stella Paddingdon','Ghazni University','2015-03-26 14:17:22',1),(72,'Jo-anne Kainz','Medical University Pleven','2013-11-18 17:06:28',7),(73,'Amalea Coolson','Worcester Polytechnic Institute','2009-06-29 13:24:55',8),(74,'Felice Akker','Universitas Krisnadwipayana','2015-12-17 20:03:56',4),(75,'Susanetta Cheales','Koka Women\'s College','2017-12-19 23:17:29',8),(76,'Bianka Donwell','West Virginia State College','2008-05-25 15:24:26',7),(77,'Cristin Dikes','Fachhochschule Ulm, Hochschule fr Technik','2016-09-19 15:56:51',2),(78,'Cordell Shardlow','Theatre Academy Finland','2018-11-13 22:16:05',1),(79,'Leontine Negus','Johann Wolfgang Goethe Universitt Frankfurt am Main','2010-05-19 02:25:13',2),(80,'Jerald Bladon','Universidad del Valle de Mxico','2010-06-08 18:59:55',6),(81,'Fannie Herety','Bangalore University','2012-04-30 09:52:59',4),(82,'Ysabel Humberstone','St.Patrick\'s International College, London','2012-03-23 17:28:04',4),(83,'Kalil Hedau','Indian Institute of Information Technology','2016-08-22 20:59:34',7),(84,'Jaymie McAughtry','Sylhet Engineering College','2014-07-19 06:39:31',4),(85,'Saunder Beeswing','Ho Chi Minh City University of Architecture','2013-01-25 17:28:43',8),(86,'Kellen Hailey','Petroleum University of Technology','2009-10-02 08:19:05',6),(87,'Nadiya Willcot','University of California, Santa Cruz','2017-04-07 14:58:10',8),(88,'Simonne Reely','Chiang Mai Rajabhat University','2008-05-18 02:10:59',5),(89,'Rollo Struys','Kyushu University of Nursing and SocialWelfare','2017-01-18 03:27:57',4),(90,'Matilda Furley','Central Buganda University','2008-09-11 19:33:25',1),(91,'Reilly Sugden','Universit du Qubec  Chicoutimi','2015-10-13 20:42:55',10),(92,'Ad McWilliam','Evangelische Fachhochschule Freiburg, Hochschule fr Soziale Arbeit, Diakonie und Religionspdagogik','2008-08-22 11:27:01',7),(93,'Gerianna Fruin','Mindanao State University','2013-11-13 08:18:02',5),(94,'Angeline Overpool','Universidad Chapultepc','2018-12-18 00:52:41',8),(95,'Rollie Betham','Wako University','2018-05-06 13:39:38',5),(96,'Fayina Devlin','Valley View University','2010-10-28 16:00:30',4),(97,'Neal Pautard','University of Edinburgh','2015-02-13 19:34:10',4),(98,'Susann Whistlecroft','Universit Catholique de l\' Ouest','2008-04-20 03:53:26',9),(99,'Georgie End','Dohto University','2016-05-02 03:44:15',7),(100,'Bonnie Harmeston','Guangxi Traditional Chinese Medical University','2010-03-03 14:36:59',7);
/*!40000 ALTER TABLE `winner` ENABLE KEYS */;
UNLOCK TABLES;
/*!40103 SET TIME_ZONE=@OLD_TIME_ZONE */;

/*!40101 SET SQL_MODE=@OLD_SQL_MODE */;
/*!40014 SET FOREIGN_KEY_CHECKS=@OLD_FOREIGN_KEY_CHECKS */;
/*!40014 SET UNIQUE_CHECKS=@OLD_UNIQUE_CHECKS */;
/*!40101 SET CHARACTER_SET_CLIENT=@OLD_CHARACTER_SET_CLIENT */;
/*!40101 SET CHARACTER_SET_RESULTS=@OLD_CHARACTER_SET_RESULTS */;
/*!40101 SET COLLATION_CONNECTION=@OLD_COLLATION_CONNECTION */;
/*!40111 SET SQL_NOTES=@OLD_SQL_NOTES */;

-- Dump completed on 2019-05-15 13:09:38
